-- Adminer 3.3.2 MySQL dump

SET NAMES utf8;
SET foreign_key_checks = 0;
SET time_zone = 'SYSTEM';
SET sql_mode = 'NO_AUTO_VALUE_ON_ZERO';

DROP TABLE IF EXISTS `basket`;
CREATE TABLE `basket` (
  `customer_id` int(11) NOT NULL COMMENT 'Zákazník',
  `product_id` int(11) NOT NULL COMMENT 'Produkt',
  `amount` int(11) NOT NULL COMMENT 'Množství',
  PRIMARY KEY  (`customer_id`,`product_id`),
  KEY `product_id` (`product_id`),
  CONSTRAINT `basket_ibfk_4` FOREIGN KEY (`product_id`) REFERENCES `product` (`id`) ON DELETE CASCADE ON UPDATE CASCADE,
  CONSTRAINT `basket_ibfk_3` FOREIGN KEY (`customer_id`) REFERENCES `customer` (`id`) ON DELETE CASCADE ON UPDATE CASCADE
) ENGINE=InnoDB DEFAULT CHARSET=utf8 COLLATE=utf8_czech_ci COMMENT='Košík';


DROP TABLE IF EXISTS `category`;
CREATE TABLE `category` (
  `id` int(11) NOT NULL auto_increment,
  `name` varchar(150) collate utf8_czech_ci NOT NULL COMMENT 'Název',
  `url_slug` varchar(60) collate utf8_czech_ci NOT NULL COMMENT 'URL',
  `active` tinyint(1) NOT NULL default '1' COMMENT 'Aktivní',
  `sort` int(11) NOT NULL COMMENT 'Pořadí',
  PRIMARY KEY  (`id`),
  UNIQUE KEY `url` (`url_slug`),
  UNIQUE KEY `name` (`name`)
) ENGINE=InnoDB DEFAULT CHARSET=utf8 COLLATE=utf8_czech_ci COMMENT='Kategorie';

INSERT INTO `category` (`id`, `name`, `url_slug`, `active`, `sort`) VALUES
(1,	'tapety',	'tapety',	1,	1),
(2,	'nábytek',	'nabytek',	1,	3),
(3,	'osvětlení',	'svetla',	1,	4),
(4,	'doplňky',	'doplnky',	1,	5),
(5,	'podlahy',	'podlahy',	1,	2);

DROP TABLE IF EXISTS `category_tagGroup`;
CREATE TABLE `category_tagGroup` (
  `category_id` int(11) NOT NULL COMMENT 'Kategorie',
  `tagGroup_id` int(11) NOT NULL COMMENT 'Typ štítku',
  `sort` int(11) NOT NULL COMMENT 'Pořadí',
  `hp` tinyint(4) NOT NULL default '0' COMMENT 'Vybírat na homepage?',
  PRIMARY KEY  (`category_id`,`tagGroup_id`),
  KEY `category_id` (`category_id`),
  KEY `tagGroup_id` (`tagGroup_id`),
  CONSTRAINT `category_tagGroup_ibfk_1` FOREIGN KEY (`category_id`) REFERENCES `category` (`id`) ON DELETE CASCADE,
  CONSTRAINT `category_tagGroup_ibfk_2` FOREIGN KEY (`tagGroup_id`) REFERENCES `tagGroup` (`id`) ON DELETE CASCADE
) ENGINE=InnoDB DEFAULT CHARSET=utf8 COLLATE=utf8_czech_ci COMMENT='Kategorie - typ štítku';

INSERT INTO `category_tagGroup` (`category_id`, `tagGroup_id`, `sort`, `hp`) VALUES
(1,	2,	7,	0),
(1,	3,	3,	1),
(1,	4,	2,	0),
(1,	5,	6,	0),
(1,	6,	1,	0),
(1,	7,	4,	0),
(1,	8,	5,	0),
(1,	9,	8,	0),
(1,	10,	9,	0),
(1,	11,	10,	0);

DROP TABLE IF EXISTS `customer`;
CREATE TABLE `customer` (
  `id` int(11) NOT NULL auto_increment,
  `email` varchar(100) collate utf8_czech_ci NOT NULL COMMENT 'Email',
  `password` varchar(64) collate utf8_czech_ci NOT NULL,
  `salt` varchar(8) collate utf8_czech_ci NOT NULL,
  `registered` datetime NOT NULL COMMENT 'Registrován',
  `name` varchar(100) collate utf8_czech_ci NOT NULL COMMENT 'Jméno',
  `surname` varchar(100) collate utf8_czech_ci NOT NULL COMMENT 'Přijmení',
  `phone` varchar(20) collate utf8_czech_ci default NULL COMMENT 'Telefon',
  `iscompany` tinyint(1) default NULL,
  `company` varchar(100) collate utf8_czech_ci default NULL,
  `ic` int(8) unsigned zerofill default NULL,
  `dic` varchar(10) collate utf8_czech_ci default NULL,
  `city` varchar(100) collate utf8_czech_ci default NULL,
  `street` varchar(100) collate utf8_czech_ci default NULL,
  `postcode` int(5) default NULL,
  `shipadrress` tinyint(1) default NULL,
  `shipcity` varchar(100) collate utf8_czech_ci default NULL,
  `shipstreet` varchar(100) collate utf8_czech_ci default NULL,
  `shippostcode` int(5) default NULL,
  PRIMARY KEY  (`id`),
  UNIQUE KEY `email` (`email`)
) ENGINE=InnoDB DEFAULT CHARSET=utf8 COLLATE=utf8_czech_ci COMMENT='Zákazník';

INSERT INTO `customer` (`id`, `email`, `password`, `salt`, `registered`, `name`, `surname`, `phone`, `iscompany`, `company`, `ic`, `dic`, `city`, `street`, `postcode`, `shipadrress`, `shipcity`, `shipstreet`, `shippostcode`) VALUES
(5,	'petr@ogurcak.cz',	'cc1942f3de2d8d912b1f25275a96c115455c17e1f30a6c8b0ddf8c871e0903ca',	'xv21NGA',	'2011-07-19 10:03:08',	'Petr',	'Ogurčák',	'602205681',	1,	'87 Group',	87179920,	'CZ87179920',	'Kladno',	'Na Vyhaslém 3265',	27201,	0,	'',	'',	0);

DROP TABLE IF EXISTS `image`;
CREATE TABLE `image` (
  `id` int(11) NOT NULL auto_increment,
  `image_path` varchar(250) collate utf8_czech_ci NOT NULL COMMENT 'Cesta k obrázku',
  PRIMARY KEY  (`id`),
  UNIQUE KEY `image_path` (`image_path`)
) ENGINE=InnoDB DEFAULT CHARSET=utf8 COLLATE=utf8_czech_ci COMMENT='Inspirační fotka';

INSERT INTO `image` (`id`, `image_path`) VALUES
(9,	'image-photo/597632_rb.jpg'),
(8,	'image-photo/597663_rb.jpg'),
(3,	'image-photo/AS_CONTZEN_II_Ba_Rock_A4.jpg'),
(4,	'image-photo/AS_CONTZEN_II_Floating_Foam_A4.jpg'),
(5,	'image-photo/AS_CONTZEN_II_Forbidden_Fruits_a4.jpg'),
(2,	'image-photo/AS_CONTZEN_II_Light_Circles_A4.jpg'),
(6,	'image-photo/AS_CONTZEN_II_Linear_Landscape_A4.jpg'),
(7,	'image-photo/AS_CONTZEN_II_Royal_Squares_A4.jpg'),
(1,	'image-photo/Murano_B5_A4.jpg');

DROP TABLE IF EXISTS `image_product`;
CREATE TABLE `image_product` (
  `image_id` int(11) NOT NULL COMMENT 'Inspirační foto',
  `product_id` int(11) NOT NULL COMMENT 'Produkt',
  `posx` int(4) default NULL COMMENT 'X pozice',
  `posy` int(4) default NULL COMMENT 'Y pozice',
  KEY `image_id` (`image_id`),
  KEY `product_id` (`product_id`),
  CONSTRAINT `image_product_ibfk_4` FOREIGN KEY (`product_id`) REFERENCES `product` (`id`) ON DELETE CASCADE ON UPDATE CASCADE,
  CONSTRAINT `image_product_ibfk_3` FOREIGN KEY (`image_id`) REFERENCES `image` (`id`) ON DELETE CASCADE ON UPDATE CASCADE
) ENGINE=InnoDB DEFAULT CHARSET=utf8 COLLATE=utf8_czech_ci COMMENT='Inspirační fotka - produkt';

INSERT INTO `image_product` (`image_id`, `product_id`, `posx`, `posy`) VALUES
(2,	11,	NULL,	NULL),
(9,	409,	NULL,	NULL);

DROP TABLE IF EXISTS `image_tag`;
CREATE TABLE `image_tag` (
  `image_id` int(11) NOT NULL,
  `tag_id` int(11) NOT NULL,
  PRIMARY KEY  (`image_id`,`tag_id`),
  KEY `image_id` (`image_id`),
  KEY `tag_id` (`tag_id`),
  CONSTRAINT `image_tag_ibfk_4` FOREIGN KEY (`tag_id`) REFERENCES `tag` (`id`) ON DELETE CASCADE ON UPDATE CASCADE,
  CONSTRAINT `image_tag_ibfk_3` FOREIGN KEY (`image_id`) REFERENCES `image` (`id`) ON DELETE CASCADE ON UPDATE CASCADE
) ENGINE=InnoDB DEFAULT CHARSET=utf8 COLLATE=utf8_czech_ci;

INSERT INTO `image_tag` (`image_id`, `tag_id`) VALUES
(1,	8),
(8,	123),
(9,	123);

DROP TABLE IF EXISTS `login`;
CREATE TABLE `login` (
  `id` int(11) NOT NULL auto_increment,
  `login` varchar(30) collate utf8_bin NOT NULL,
  `password_sha1` char(40) collate utf8_bin NOT NULL,
  PRIMARY KEY  (`id`),
  UNIQUE KEY `login` (`login`)
) ENGINE=MyISAM DEFAULT CHARSET=utf8 COLLATE=utf8_bin;

INSERT INTO `login` (`id`, `login`, `password_sha1`) VALUES
(1,	'editor',	'e6cd0aac255e71ca1d24322b2dddd0f9ba61714d');

DROP TABLE IF EXISTS `paymethod`;
CREATE TABLE `paymethod` (
  `id` int(11) NOT NULL auto_increment,
  `name` varchar(80) collate utf8_czech_ci NOT NULL,
  `price` float NOT NULL,
  PRIMARY KEY  (`id`)
) ENGINE=InnoDB DEFAULT CHARSET=utf8 COLLATE=utf8_czech_ci;

INSERT INTO `paymethod` (`id`, `name`, `price`) VALUES
(1,	'Dobírka',	90),
(2,	'Převodem',	0),
(3,	'Hotově při osobním odběru',	0);

DROP TABLE IF EXISTS `product`;
CREATE TABLE `product` (
  `id` int(11) NOT NULL auto_increment,
  `category_id` int(11) NOT NULL COMMENT 'Kategorie',
  `name` varchar(150) collate utf8_czech_ci NOT NULL COMMENT 'Název',
  `url_slug` varchar(150) collate utf8_czech_ci NOT NULL COMMENT 'URL',
  `description_html` tinytext collate utf8_czech_ci NOT NULL COMMENT 'Popis',
  `unit_id` int(11) NOT NULL COMMENT 'Měrná jednotka',
  `price` decimal(10,2) NOT NULL COMMENT 'Cena',
  `newprice` decimal(10,2) default NULL COMMENT 'Akční nová cena',
  `modified` timestamp NOT NULL default CURRENT_TIMESTAMP on update CURRENT_TIMESTAMP COMMENT 'Upraveno',
  `saved` datetime NOT NULL COMMENT 'Datum uložení',
  `productPhoto_id` int(11) default NULL COMMENT 'Produktový obrázek',
  `visualisation_path` varchar(250) collate utf8_czech_ci default NULL COMMENT 'Cesta k obrázku do vizualizace',
  `visualisation_width` float default NULL COMMENT 'Šířka obrázku vizualizace',
  `visualisation_height` float default NULL COMMENT 'Výška obrázku vizualizace',
  `active` tinyint(1) default '1' COMMENT 'Aktivní',
  `recommended` tinyint(1) NOT NULL default '0' COMMENT 'Doporučujeme',
  PRIMARY KEY  (`id`),
  UNIQUE KEY `url_slug` (`url_slug`),
  KEY `unit_id` (`unit_id`),
  KEY `category_id` (`category_id`),
  KEY `productPhoto_id` (`productPhoto_id`),
  CONSTRAINT `product_ibfk_5` FOREIGN KEY (`productPhoto_id`) REFERENCES `productPhoto` (`id`) ON DELETE SET NULL ON UPDATE CASCADE,
  CONSTRAINT `product_ibfk_6` FOREIGN KEY (`category_id`) REFERENCES `category` (`id`) ON DELETE CASCADE ON UPDATE CASCADE,
  CONSTRAINT `product_ibfk_7` FOREIGN KEY (`unit_id`) REFERENCES `unit` (`id`) ON DELETE CASCADE ON UPDATE CASCADE
) ENGINE=InnoDB DEFAULT CHARSET=utf8 COLLATE=utf8_czech_ci COMMENT='Produkt';

INSERT INTO `product` (`id`, `category_id`, `name`, `url_slug`, `description_html`, `unit_id`, `price`, `newprice`, `modified`, `saved`, `productPhoto_id`, `visualisation_path`, `visualisation_width`, `visualisation_height`, `active`, `recommended`) VALUES
(2,	1,	'Classic Fleece 667137',	'classic-fleece-667137',	'<p>Vliesová tapeta z kolekce Classic Fleece s klasickým vzorem laděná do xxx barev vhodná do xxxx.</p>',	1,	472.00,	NULL,	'2011-08-10 16:28:54',	'2011-03-20 13:37:26',	1,	NULL,	NULL,	NULL,	1,	0),
(3,	1,	'Contzen 623713',	'contzen-623713',	'<p>..popis..</p>',	1,	589.00,	NULL,	'2011-08-10 16:28:54',	'2011-03-20 14:30:30',	3,	'visualisation-images/623713.jpg',	NULL,	NULL,	1,	0),
(4,	1,	'Esprit for kids 108616',	'esprit-for-kids-108616',	'<p>... erre ..</p>',	1,	1089.00,	899.00,	'2011-08-10 16:43:38',	'2011-03-20 14:47:07',	4,	NULL,	NULL,	NULL,	1,	1),
(5,	1,	'Daniel Hetcher 179548',	'daniel-hetcher-179548',	'<p>... popis...</p>',	1,	789.00,	NULL,	'2011-08-10 16:28:54',	'2011-03-20 20:41:42',	5,	NULL,	NULL,	NULL,	1,	0),
(6,	1,	'Boys and Girls 3 683816',	'boys-and-girls-3-683816',	'',	1,	856.00,	NULL,	'2011-08-10 16:43:38',	'2011-03-20 20:48:09',	6,	NULL,	NULL,	NULL,	1,	1),
(7,	1,	'Brigitte 678027',	'brigitte-678027',	'<p>..text..</p>',	1,	496.00,	NULL,	'2011-08-10 16:28:54',	'2011-03-21 12:26:23',	7,	NULL,	NULL,	NULL,	1,	0),
(8,	1,	'Cabaret 115348',	'cabaret-115348',	'',	1,	233.00,	NULL,	'2011-08-10 16:28:54',	'2011-07-28 14:49:02',	8,	NULL,	NULL,	NULL,	1,	0),
(9,	1,	'Lars Contzen 668721',	'lars-contzen-668721',	'',	1,	589.00,	NULL,	'2011-08-10 16:28:54',	'2011-03-21 12:46:20',	9,	NULL,	NULL,	NULL,	1,	0),
(10,	1,	'Lars Contzen 680235',	'lars-contzen-680235',	'',	1,	600.00,	NULL,	'2011-08-10 16:28:54',	'2011-03-21 12:51:11',	10,	NULL,	NULL,	NULL,	1,	0),
(11,	1,	'Lars Contzen 668929',	'lars-contzen-668929',	'<p>Vliesová tapeta na stěnu z kolekce Contzen II od výrobce Lars Contzen s moderním grafickým vzorem laděná do modré, zelené a bílé barvy, která se hodí jak do chodby, do kanceláře, do kuchyně tak do obývacího pokoje.</p>',	1,	879.00,	NULL,	'2011-08-10 16:43:38',	'2011-03-25 08:56:04',	11,	NULL,	NULL,	NULL,	1,	1),
(12,	1,	'Lars Contzen 623737',	'lars-contzen-623737',	'',	1,	859.00,	NULL,	'2011-08-10 16:43:38',	'2011-04-22 12:51:29',	13,	'visualisation-images/623737.jpg',	NULL,	NULL,	1,	1),
(13,	1,	'Lars Contzen 624017',	'lars-contzen-624017',	'',	1,	756.00,	NULL,	'2011-08-10 16:28:54',	'2011-04-22 12:58:08',	14,	'visualisation-images/624017.jpg',	NULL,	NULL,	1,	0),
(14,	1,	'Lars Contzen 623744',	'lars-contzen-623744',	'',	1,	800.00,	NULL,	'2011-08-10 16:43:38',	'2011-04-22 13:02:49',	15,	NULL,	NULL,	NULL,	1,	1),
(15,	1,	'Lars Contzen 623218',	'lars-contzen-623218',	'',	1,	789.00,	NULL,	'2011-08-10 16:28:54',	'2011-04-22 13:07:41',	16,	'visualisation-images/623218.jpg',	NULL,	NULL,	1,	0),
(16,	1,	'Lars Contzen 623812',	'lars-contzen-623812',	'',	1,	852.00,	800.00,	'2011-08-10 16:43:38',	'2011-04-22 13:10:41',	17,	'visualisation-images/623812.jpg',	NULL,	NULL,	1,	1),
(22,	1,	'Amelie 580214',	'amelie-580214',	'',	1,	365.00,	NULL,	'2011-08-10 16:28:54',	'2011-07-08 09:23:52',	20,	NULL,	NULL,	NULL,	1,	0),
(23,	1,	'Amelie 580276',	'amelie-580276',	'',	1,	365.00,	NULL,	'2011-08-10 16:28:54',	'2011-07-08 09:25:15',	21,	NULL,	NULL,	NULL,	1,	0),
(24,	1,	'Amelie 580238',	'amelie-580238',	'',	1,	365.00,	320.00,	'2011-08-10 16:28:54',	'2011-07-08 09:24:20',	22,	NULL,	NULL,	NULL,	1,	0),
(25,	1,	'Amelie 580436',	'amelie-580436',	'',	1,	470.00,	NULL,	'2011-08-10 16:28:54',	'2011-07-08 09:25:35',	24,	NULL,	NULL,	NULL,	1,	0),
(26,	1,	'Amelie 580733',	'amelie-580733',	'',	1,	444.00,	NULL,	'2011-08-24 13:09:48',	'2011-07-08 09:26:09',	23,	'visualisation-images/580733-1314184188.jpg',	10.05,	0.53,	1,	0),
(27,	1,	'Amelie 580221',	'amelie-580221',	'',	1,	365.00,	NULL,	'2011-08-10 16:28:54',	'2011-07-08 09:24:06',	26,	NULL,	NULL,	NULL,	1,	0),
(28,	1,	'Amelie 580252',	'amelie-580252',	'',	1,	365.00,	NULL,	'2011-08-10 16:28:54',	'2011-07-08 09:24:48',	27,	NULL,	NULL,	NULL,	1,	0),
(29,	1,	'Amelie 580757',	'amelie-580757',	'',	1,	444.00,	NULL,	'2011-08-10 16:28:54',	'2011-07-08 09:26:23',	28,	NULL,	NULL,	NULL,	1,	0),
(30,	1,	'Amelie 580245',	'amelie-580245',	'',	1,	365.00,	NULL,	'2011-08-10 16:28:54',	'2011-07-08 09:24:35',	29,	NULL,	NULL,	NULL,	1,	0),
(31,	1,	'Amelie 580269',	'amelie-580269',	'',	1,	365.00,	NULL,	'2011-08-10 16:28:54',	'2011-07-08 09:25:01',	30,	NULL,	NULL,	NULL,	1,	0),
(32,	1,	'Amelie 580771',	'amelie-580771',	'',	1,	444.00,	NULL,	'2011-08-10 16:28:54',	'2011-07-08 09:26:36',	31,	NULL,	NULL,	NULL,	1,	0),
(33,	1,	'Bellissima 569127',	'bellissima-569127',	'',	1,	171.00,	NULL,	'2011-08-10 16:28:54',	'2011-07-08 09:23:02',	32,	NULL,	NULL,	NULL,	1,	0),
(34,	1,	'Bellissima 569226',	'bellissima-569226',	'',	1,	171.00,	NULL,	'2011-08-10 16:28:54',	'2011-07-08 09:22:44',	33,	NULL,	NULL,	NULL,	1,	0),
(35,	1,	'Bellissima 570420',	'bellissima-570420',	'',	1,	149.00,	NULL,	'2011-08-10 16:28:54',	'2011-07-08 09:19:56',	34,	NULL,	NULL,	NULL,	1,	0),
(36,	1,	'Bellissima 570413',	'bellissima-570413',	'',	1,	149.00,	120.00,	'2011-08-10 16:28:54',	'2011-07-08 09:02:25',	35,	NULL,	NULL,	NULL,	1,	0),
(37,	1,	'Bellissima 569240',	'bellissima-569240',	'',	1,	171.00,	NULL,	'2011-08-10 16:28:54',	'2011-07-08 09:29:11',	36,	NULL,	NULL,	NULL,	1,	0),
(38,	1,	'Bellissima 569141',	'bellissima-569141',	'',	1,	171.00,	NULL,	'2011-08-10 16:28:54',	'2011-07-08 09:31:30',	37,	NULL,	NULL,	NULL,	1,	0),
(39,	1,	'Bellissima 570444',	'bellissima-570444',	'',	1,	149.00,	NULL,	'2011-08-10 16:28:54',	'2011-07-08 09:33:10',	38,	NULL,	NULL,	NULL,	1,	0),
(40,	1,	'Bellissima 570468',	'bellissima-570468',	'',	1,	149.00,	NULL,	'2011-08-10 16:28:54',	'2011-07-08 09:34:39',	39,	NULL,	NULL,	NULL,	1,	0),
(41,	1,	'Bellissima 570451',	'bellissima-570451',	'',	1,	149.00,	NULL,	'2011-08-10 16:28:54',	'2011-07-08 09:36:21',	40,	NULL,	NULL,	NULL,	1,	0),
(42,	1,	'Bellissima 570437',	'bellissima-570437',	'',	1,	149.00,	NULL,	'2011-08-10 16:28:54',	'2011-07-08 09:38:05',	41,	NULL,	NULL,	NULL,	1,	0),
(43,	1,	'Bellissima 569028',	'bellissima-569028',	'',	1,	149.00,	NULL,	'2011-08-10 16:28:54',	'2011-07-08 09:40:48',	42,	NULL,	NULL,	NULL,	1,	0),
(44,	1,	'Bellissima 568922',	'bellissima-568922',	'',	1,	158.00,	NULL,	'2011-08-10 16:28:54',	'2011-07-08 09:44:56',	43,	NULL,	NULL,	NULL,	1,	0),
(45,	1,	'Bellissima 568915',	'bellissima-568915',	'',	1,	158.00,	NULL,	'2011-08-10 16:28:54',	'2011-07-08 09:50:01',	44,	NULL,	NULL,	NULL,	1,	0),
(46,	1,	'Bellissima 569011',	'bellissima-569011',	'',	1,	149.00,	NULL,	'2011-08-10 16:28:54',	'2011-07-08 09:55:01',	45,	NULL,	NULL,	NULL,	1,	0),
(47,	1,	'Bellissima 542113',	'bellissima-542113',	'',	1,	0.00,	NULL,	'2011-08-10 16:28:54',	'2011-07-08 10:03:10',	46,	NULL,	NULL,	NULL,	1,	0),
(48,	1,	'Bellissima 568939',	'bellissima-568939',	'',	1,	158.00,	NULL,	'2011-08-10 16:28:54',	'2011-07-08 10:05:52',	47,	NULL,	NULL,	NULL,	1,	0),
(49,	1,	'Bellissima 569042',	'bellissima-569042',	'',	1,	149.00,	NULL,	'2011-08-10 16:28:54',	'2011-07-08 10:07:17',	48,	NULL,	NULL,	NULL,	1,	0),
(50,	1,	'Bellissima 571618',	'bellissima-571618',	'',	1,	171.00,	NULL,	'2011-08-10 16:28:54',	'2011-07-08 10:09:30',	49,	NULL,	NULL,	NULL,	1,	0),
(51,	1,	'Bellissima 572219',	'bellissima-572219',	'',	1,	149.00,	NULL,	'2011-08-10 16:28:54',	'2011-07-08 10:12:07',	50,	NULL,	NULL,	NULL,	1,	0),
(52,	1,	'Bellissima 573216',	'bellissima-573216',	'',	1,	149.00,	NULL,	'2011-08-10 16:28:54',	'2011-07-08 10:13:59',	51,	NULL,	NULL,	NULL,	1,	0),
(53,	1,	'Bellissima 573285',	'bellissima-573285',	'',	1,	171.00,	NULL,	'2011-08-10 16:28:54',	'2011-07-08 10:15:39',	52,	NULL,	NULL,	NULL,	1,	0),
(54,	1,	'Bellissima 572233',	'bellissima-572233',	'',	1,	149.00,	NULL,	'2011-08-10 16:28:54',	'2011-07-08 10:18:16',	53,	NULL,	NULL,	NULL,	1,	0),
(55,	1,	'Bellissima 572264',	'bellissima-572264',	'',	1,	149.00,	NULL,	'2011-08-10 16:28:54',	'2011-07-08 10:21:00',	54,	NULL,	NULL,	NULL,	1,	0),
(56,	1,	'Bellissima 572257',	'bellissima-572257',	'',	1,	149.00,	NULL,	'2011-08-10 16:28:54',	'2011-07-08 10:23:04',	55,	NULL,	NULL,	NULL,	1,	0),
(57,	1,	'Bellissima 573254',	'bellissima-573254',	'',	1,	149.00,	NULL,	'2011-08-10 16:28:54',	'2011-07-08 10:24:30',	56,	NULL,	NULL,	NULL,	1,	0),
(58,	1,	'Bellissima 571663',	'bellissima-571663',	'',	1,	0.00,	NULL,	'2011-08-10 16:28:54',	'2011-07-08 10:26:37',	57,	NULL,	NULL,	NULL,	1,	0),
(59,	1,	'Bellissima 573292',	'bellissima-573292',	'',	1,	0.00,	NULL,	'2011-08-10 16:28:54',	'2011-07-08 10:28:21',	58,	NULL,	NULL,	NULL,	1,	0),
(60,	1,	'Best of vlies 2012 224927',	'best-of-vlies-2012-224927',	'',	1,	212.00,	NULL,	'2011-08-10 16:28:54',	'2011-07-08 14:12:04',	59,	'visualisation-images/224927-1310127124.jpg',	10.05,	0.53,	1,	0),
(61,	1,	'Best of vlies 2012 224934',	'best-of-vlies-2012-224934',	'',	1,	212.00,	NULL,	'2011-08-10 16:28:54',	'2011-07-08 14:18:15',	60,	'visualisation-images/224934-1310127494.jpg',	10.05,	0.53,	1,	0),
(62,	1,	'Best of vlies 2012 143532',	'best-of-vlies-2012-143532',	'',	1,	183.00,	NULL,	'2011-08-10 16:28:54',	'2011-07-08 14:20:36',	61,	'visualisation-images/143532-1310127635.jpg',	10.05,	0.53,	1,	0),
(63,	1,	'Best of vlies 2012 206589',	'best-of-vlies-2012-206589',	'',	1,	200.00,	NULL,	'2011-08-10 16:28:54',	'2011-07-08 14:23:10',	62,	'visualisation-images/206589-1310127789.jpg',	10.05,	0.53,	1,	0),
(64,	1,	'Best of vlies 2012 206534',	'best-of-vlies-2012-206534',	'',	1,	200.00,	NULL,	'2011-08-10 16:28:54',	'2011-07-08 14:25:38',	63,	'visualisation-images/206534-1310127938.jpg',	10.05,	0.53,	1,	0),
(65,	1,	'Best of vlies 2012 143525',	'best-of-vlies-2012-143525',	'',	1,	183.00,	NULL,	'2011-08-10 16:28:54',	'2011-07-08 14:27:54',	64,	'visualisation-images/143525-1310128074.jpg',	10.05,	0.53,	1,	0),
(66,	1,	'Best of vlies 2012 224910',	'best-of-vlies-2012-224910',	'',	1,	212.00,	NULL,	'2011-08-10 16:28:54',	'2011-07-08 14:34:23',	65,	'visualisation-images/224910-1310128463.jpg',	10.05,	0.53,	1,	0),
(67,	1,	'Best of vlies 2012 206510',	'best-of-vlies-2012-206510',	'',	1,	200.00,	NULL,	'2011-08-10 16:28:54',	'2011-07-08 14:36:31',	66,	'visualisation-images/206510-1310128590.jpg',	10.05,	0.53,	1,	0),
(68,	1,	'Best of vlies 2012 143518',	'best-of-vlies-2012-143518',	'',	1,	183.00,	NULL,	'2011-08-10 16:28:54',	'2011-07-08 14:39:14',	67,	'visualisation-images/143518-1310128753.jpg',	10.05,	0.53,	1,	0),
(69,	1,	'Best of vlies 2012 224958',	'best-of-vlies-2012-224958',	'',	1,	212.00,	NULL,	'2011-08-10 16:28:54',	'2011-07-08 14:54:34',	68,	'visualisation-images/224958-1310129673.jpg',	10.05,	0.53,	1,	0),
(70,	1,	'Best of vlies 2012 224965',	'best-of-vlies-2012-224965',	'',	1,	212.00,	NULL,	'2011-08-10 16:28:54',	'2011-07-08 14:59:06',	69,	'visualisation-images/224965-1310129945.jpg',	10.05,	0.53,	1,	0),
(71,	1,	'Best of vlies 2012 175472',	'best-of-vlies-2012-175472',	'',	1,	200.00,	NULL,	'2011-08-10 16:28:54',	'2011-07-08 15:01:17',	70,	'visualisation-images/175472-1310130076.jpg',	10.05,	0.53,	1,	0),
(72,	1,	'Best of vlies 2012 206572',	'best-of-vlies-2012-206572',	'',	1,	200.00,	NULL,	'2011-08-10 16:28:54',	'2011-07-08 15:10:45',	71,	'visualisation-images/206572-1310130644.jpg',	10.05,	0.53,	1,	0),
(73,	1,	'Best of vlies 2012 224941',	'best-of-vlies-2012-224941',	'',	1,	212.00,	NULL,	'2011-08-10 16:28:54',	'2011-07-08 15:14:12',	72,	'visualisation-images/224941-1310130851.jpg',	10.05,	0.53,	1,	0),
(74,	1,	'Best of vlies 2012 175441',	'best-of-vlies-2012-175441',	'',	1,	200.00,	NULL,	'2011-08-10 16:28:54',	'2011-07-08 15:16:04',	73,	'visualisation-images/175441-1310130963.jpg',	10.05,	0.53,	1,	0),
(75,	1,	'Best of vlies 2012 175434',	'best-of-vlies-2012-175434',	'',	1,	200.00,	NULL,	'2011-08-10 16:28:54',	'2011-07-08 15:18:28',	74,	'visualisation-images/175434-1310131107.jpg',	10.05,	0.53,	1,	0),
(76,	1,	'Best of vlies 2012 179630',	'best-of-vlies-2012-179630',	'',	1,	233.00,	NULL,	'2011-08-10 16:28:54',	'2011-07-08 15:29:03',	75,	'visualisation-images/179630-1310131742.jpg',	10.05,	0.53,	1,	0),
(77,	1,	'Best of vlies 2012 215932',	'best-of-vlies-2012-215932',	'',	1,	204.00,	NULL,	'2011-08-10 16:28:54',	'2011-07-08 15:31:13',	76,	'visualisation-images/215932-1310131872.jpg',	10.05,	0.53,	1,	0),
(78,	1,	'Best of vlies 2012 215918',	'best-of-vlies-2012-215918',	'',	1,	204.00,	NULL,	'2011-08-10 16:28:54',	'2011-07-08 15:33:21',	77,	'visualisation-images/215918-1310132001.jpg',	10.05,	0.53,	1,	0),
(79,	1,	'Best of vlies 2012 179517',	'best-of-vlies-2012-179517',	'',	1,	223.00,	NULL,	'2011-08-10 16:28:54',	'2011-07-08 15:36:08',	78,	'visualisation-images/179517-1310132168.jpg',	10.05,	0.53,	1,	0),
(80,	1,	'Best of vlies 2012 179524',	'best-of-vlies-2012-179524',	'',	1,	223.00,	NULL,	'2011-08-10 16:28:54',	'2011-07-08 15:50:25',	79,	NULL,	NULL,	NULL,	1,	0),
(81,	1,	'Best of vlies 2012 179616',	'best-of-vlies-2012-179616',	'',	1,	233.00,	NULL,	'2011-08-10 16:28:54',	'2011-07-08 15:52:50',	80,	NULL,	NULL,	NULL,	1,	0),
(82,	1,	'Best of vlies 2012 179647',	'best-of-vlies-2012-179647',	'',	1,	233.00,	NULL,	'2011-08-10 16:28:54',	'2011-07-08 16:53:53',	81,	'visualisation-images/179647-1310136833.jpg',	10.05,	0.53,	1,	0),
(83,	1,	'Best of vlies 2012 179562',	'best-of-vlies-2012-179562',	'',	1,	223.00,	NULL,	'2011-08-10 16:28:54',	'2011-07-08 16:56:36',	82,	NULL,	NULL,	NULL,	1,	0),
(84,	1,	'Best of vlies 2012 179548',	'best-of-vlies-2012-179548',	'',	1,	223.00,	NULL,	'2011-08-10 16:28:54',	'2011-07-08 16:59:17',	83,	NULL,	NULL,	NULL,	1,	0),
(85,	1,	'Best of vlies 2012 179623',	'best-of-vlies-2012-179623',	'',	1,	233.00,	NULL,	'2011-08-10 16:28:54',	'2011-07-08 17:01:33',	84,	NULL,	NULL,	NULL,	1,	0),
(86,	1,	'Best of vlies 2012 965318',	'best-of-vlies-2012-965318',	'',	1,	215.00,	NULL,	'2011-08-10 16:28:54',	'2011-07-08 17:04:13',	85,	'visualisation-images/965318-1310137453.jpg',	10.05,	0.53,	1,	0),
(87,	1,	'Best of vlies 2012 965325',	'best-of-vlies-2012-965325',	'',	1,	215.00,	NULL,	'2011-08-10 16:28:54',	'2011-07-08 17:06:17',	86,	'visualisation-images/965325-1310137577.jpg',	10.05,	0.53,	1,	0),
(88,	1,	'Best of vlies 2012 114624',	'schoner-wohnen-114624',	'',	1,	244.00,	NULL,	'2011-08-10 16:28:54',	'2011-07-15 09:54:23',	87,	'visualisation-images/114624-1310137757.jpg',	10.05,	0.53,	1,	0),
(89,	1,	'Schöner Wohnen 114426',	'schoner-wohnen-114426',	'',	1,	259.00,	NULL,	'2011-08-10 16:28:54',	'2011-07-10 21:20:49',	88,	'visualisation-images/114426-1310137901.jpg',	10.05,	0.53,	1,	0),
(90,	1,	'Schöner Wohnen 114428',	'schoner-wohnen-114428',	'',	1,	244.00,	NULL,	'2011-08-10 16:28:54',	'2011-07-10 21:24:04',	89,	'visualisation-images/114228-1310325844.jpg',	5,	0.17,	1,	0),
(91,	1,	'Memory 589033',	'memory-589033',	'',	1,	259.00,	NULL,	'2011-08-10 16:28:54',	'2011-07-09 13:05:04',	90,	'visualisation-images/589033-1310209463.jpg',	10.05,	0.53,	1,	0),
(92,	1,	'Memory 583789',	'memory-583789',	'',	1,	235.00,	NULL,	'2011-08-10 16:28:54',	'2011-07-09 13:07:51',	91,	'visualisation-images/583789-1310209671.jpg',	10.05,	0.53,	1,	0),
(93,	1,	'Memory 583772',	'memory-583772',	'',	1,	235.00,	NULL,	'2011-08-10 16:28:54',	'2011-07-09 13:10:02',	92,	'visualisation-images/583772-1310209802.jpg',	10.05,	0.53,	1,	0),
(94,	1,	'Memory 583727',	'memory-583727',	'',	1,	235.00,	NULL,	'2011-08-10 16:28:54',	'2011-07-09 13:12:05',	93,	'visualisation-images/583727-1310209925.jpg',	10.05,	0.53,	1,	0),
(95,	1,	'Schöner Wohnen 114525',	'schner-wohnen-114525',	'',	1,	259.00,	NULL,	'2011-08-10 16:28:54',	'2011-07-15 09:37:32',	94,	'visualisation-images/114525-1310715452.jpg',	10.05,	0.53,	1,	0),
(96,	1,	'Murano  706614',	'murano-706614',	'',	1,	280.00,	NULL,	'2011-08-10 16:28:54',	'2011-07-15 10:17:12',	95,	NULL,	NULL,	NULL,	1,	0),
(97,	1,	'Murano 706515',	'murano-706515',	'',	1,	280.00,	NULL,	'2011-08-10 16:28:54',	'2011-07-15 10:22:45',	96,	NULL,	NULL,	NULL,	1,	0),
(98,	1,	'Murano 706539',	'murano-706539',	'',	1,	280.00,	NULL,	'2011-08-10 16:28:54',	'2011-07-15 10:28:37',	97,	NULL,	NULL,	NULL,	1,	0),
(99,	1,	'Murano 706553',	'murano-706553',	'',	1,	280.00,	NULL,	'2011-08-10 16:28:54',	'2011-07-15 10:30:38',	98,	NULL,	NULL,	NULL,	1,	0),
(100,	1,	'Murano 706584',	'murano-706584',	'',	1,	280.00,	NULL,	'2011-08-10 16:28:54',	'2011-07-15 10:32:59',	99,	NULL,	NULL,	NULL,	1,	0),
(101,	1,	'Murano 706560',	'murano-706560',	'',	1,	280.00,	NULL,	'2011-08-10 16:28:54',	'2011-07-15 10:34:43',	100,	NULL,	NULL,	NULL,	1,	0),
(102,	1,	'Murano 706546',	'murano-706546',	'',	1,	280.00,	NULL,	'2011-08-10 16:28:54',	'2011-07-15 11:15:11',	101,	NULL,	NULL,	NULL,	1,	0),
(103,	1,	'Murano706577',	'murano706577',	'',	1,	280.00,	NULL,	'2011-08-10 16:28:54',	'2011-07-15 11:23:19',	102,	NULL,	NULL,	NULL,	1,	0),
(104,	1,	'Murano 706591',	'murano-706591',	'',	1,	280.00,	NULL,	'2011-08-10 16:28:54',	'2011-07-15 11:28:01',	103,	NULL,	NULL,	NULL,	1,	0),
(105,	1,	'Murano 706522',	'murano-706522',	'',	1,	280.00,	NULL,	'2011-08-10 16:28:54',	'2011-07-15 11:32:59',	104,	NULL,	NULL,	NULL,	1,	0),
(106,	1,	'Mirage 122865',	'mirage-122865',	'',	1,	280.00,	NULL,	'2011-08-10 16:28:54',	'2011-07-15 11:42:41',	105,	NULL,	NULL,	NULL,	1,	0),
(107,	1,	'Mirage 122766',	'mirage-122766',	'',	1,	212.00,	NULL,	'2011-08-10 16:28:54',	'2011-07-15 11:52:17',	106,	NULL,	NULL,	NULL,	1,	0),
(108,	1,	'Mirage 122711',	'mirage-122711',	'',	1,	212.00,	NULL,	'2011-08-10 16:28:54',	'2011-07-15 12:00:26',	107,	NULL,	NULL,	NULL,	1,	0),
(109,	1,	'Mirage 122759',	'mirage-122759',	'',	1,	212.00,	NULL,	'2011-08-10 16:28:54',	'2011-07-15 12:06:35',	108,	NULL,	NULL,	NULL,	1,	0),
(110,	1,	'Mirage 122773',	'mirage-122773',	'',	1,	212.00,	NULL,	'2011-08-10 16:28:54',	'2011-07-15 12:10:07',	109,	NULL,	NULL,	NULL,	1,	0),
(111,	1,	'Brigitte 131058',	'brigitte-131058',	'',	1,	212.00,	NULL,	'2011-08-10 16:28:54',	'2011-07-18 17:27:50',	110,	NULL,	NULL,	NULL,	1,	0),
(112,	1,	'Brigitte 131034',	'brigitte-131034',	'',	1,	212.00,	NULL,	'2011-08-10 16:28:54',	'2011-07-18 17:32:50',	111,	NULL,	NULL,	NULL,	1,	0),
(113,	1,	'Brigitte 131027',	'brigitte-131027',	'',	1,	212.00,	NULL,	'2011-08-10 16:28:54',	'2011-07-18 17:36:46',	112,	NULL,	NULL,	NULL,	1,	0),
(114,	1,	'Brigitte 131010',	'brigitte-131010',	'',	1,	212.00,	NULL,	'2011-08-10 16:28:54',	'2011-07-18 17:39:32',	113,	NULL,	NULL,	NULL,	1,	0),
(115,	1,	'Pretty style 114129',	'pretty-style-114129',	'',	1,	270.00,	NULL,	'2011-08-10 16:28:54',	'2011-07-18 17:46:29',	114,	NULL,	NULL,	NULL,	1,	0),
(116,	1,	'Poker 589149',	'poker-589149',	'',	1,	202.00,	NULL,	'2011-08-10 16:28:54',	'2011-07-18 17:50:50',	115,	NULL,	NULL,	NULL,	1,	0),
(117,	1,	'Sunlight 635310',	'sunlight-635310',	'',	1,	280.00,	NULL,	'2011-08-10 16:28:54',	'2011-07-18 17:58:32',	116,	NULL,	NULL,	NULL,	1,	0),
(118,	1,	'Sunlight 636119',	'sunlight-636119',	'',	1,	327.00,	NULL,	'2011-08-10 16:28:54',	'2011-07-18 18:04:36',	117,	NULL,	NULL,	NULL,	1,	0),
(119,	1,	'Sunlight 636348',	'sunlight-636348',	'',	1,	296.00,	NULL,	'2011-08-10 16:28:54',	'2011-07-18 18:08:34',	118,	NULL,	NULL,	NULL,	1,	0),
(120,	1,	'Sunlight 636461',	'sunlight-636461',	'',	1,	296.00,	NULL,	'2011-08-10 16:28:54',	'2011-07-18 18:13:30',	119,	NULL,	NULL,	NULL,	1,	0),
(121,	1,	'Sunlight 636386',	'sunlight-636386',	'',	1,	296.00,	NULL,	'2011-08-10 16:28:54',	'2011-07-19 10:20:43',	120,	NULL,	NULL,	NULL,	1,	0),
(122,	1,	'Sunlight 636225',	'sunlight-636225',	'',	1,	296.00,	NULL,	'2011-08-10 16:28:54',	'2011-07-19 10:23:51',	121,	NULL,	NULL,	NULL,	1,	0),
(123,	1,	'Sunlight 637215',	'sunlight-637215',	'',	1,	296.00,	NULL,	'2011-08-10 16:28:54',	'2011-07-19 10:26:49',	122,	NULL,	NULL,	NULL,	1,	0),
(124,	1,	'Sunlight 636430',	'sunlight-636430',	'',	1,	296.00,	NULL,	'2011-08-10 16:28:54',	'2011-07-19 10:29:57',	123,	NULL,	NULL,	NULL,	1,	0),
(125,	1,	'Romantica 682123',	'romantica-682123',	'',	1,	223.00,	NULL,	'2011-08-10 16:28:54',	'2011-07-19 10:35:46',	124,	NULL,	NULL,	NULL,	1,	0),
(126,	1,	'Romantica 682116',	'romantica-682116',	'',	1,	223.00,	NULL,	'2011-08-10 16:28:54',	'2011-07-19 10:38:36',	125,	NULL,	NULL,	NULL,	1,	0),
(127,	1,	'Schöner Wohnen 114815',	'schner-wohnen-114815',	'',	1,	259.00,	NULL,	'2011-08-10 16:28:54',	'2011-07-19 10:44:31',	126,	NULL,	NULL,	NULL,	1,	0),
(128,	1,	'Schöner Wohnen 114914',	'schner-wohnen-114914',	'',	1,	280.00,	NULL,	'2011-08-10 16:28:54',	'2011-07-19 10:51:02',	127,	NULL,	NULL,	NULL,	1,	0),
(129,	1,	'Schöner Wohnen 115041',	'schner-wohnen-115041',	'',	1,	280.00,	NULL,	'2011-08-10 16:28:54',	'2011-07-19 10:54:26',	128,	NULL,	NULL,	NULL,	1,	0),
(130,	1,	'Schöner Wohnen 115140',	'schner-wohnen-115140',	'',	1,	244.00,	NULL,	'2011-08-10 16:28:54',	'2011-07-19 10:57:28',	129,	NULL,	NULL,	NULL,	1,	0),
(131,	1,	'Schöner Wohnen 115133',	'schner-wohnen-115133',	'',	1,	244.00,	NULL,	'2011-08-10 16:28:54',	'2011-07-19 11:03:34',	130,	NULL,	NULL,	NULL,	1,	0),
(132,	1,	'Flock 551481',	'flock-551481',	'',	1,	235.00,	NULL,	'2011-08-10 16:28:54',	'2011-07-19 11:08:54',	131,	NULL,	NULL,	NULL,	1,	0),
(133,	1,	'Flock 551382',	'flock-551382',	'',	1,	222.00,	NULL,	'2011-08-10 16:28:54',	'2011-07-19 11:12:30',	132,	NULL,	NULL,	NULL,	1,	0),
(134,	1,	'Avenzio 3 152640',	'avenzio-3-152640',	'',	1,	221.00,	NULL,	'2011-08-10 16:28:54',	'2011-07-19 11:18:09',	133,	NULL,	NULL,	NULL,	1,	0),
(135,	1,	'Elegance 179036',	'elegance-179036',	'',	1,	212.00,	NULL,	'2011-08-10 16:28:54',	'2011-07-19 11:25:03',	134,	NULL,	NULL,	NULL,	1,	0),
(136,	1,	'Elegance 206336',	'elegance-206336',	'',	1,	212.00,	NULL,	'2011-08-10 16:28:54',	'2011-07-19 11:28:31',	135,	NULL,	NULL,	NULL,	1,	0),
(137,	1,	'Sweet Candy 143525',	'sweet-candy-143525',	'',	1,	183.00,	NULL,	'2011-08-10 16:28:54',	'2011-07-19 11:35:57',	136,	NULL,	NULL,	NULL,	1,	0),
(138,	1,	'Elegance 211767',	'elegance-211767',	'',	1,	200.00,	NULL,	'2011-08-10 16:28:54',	'2011-07-19 11:39:54',	137,	NULL,	NULL,	NULL,	1,	0),
(139,	1,	'Elegance211712',	'elegance',	'',	1,	200.00,	NULL,	'2011-08-10 16:28:54',	'2011-07-19 11:43:48',	138,	NULL,	NULL,	NULL,	1,	0),
(140,	1,	'Elegance 181541',	'elegance-181541',	'',	1,	212.00,	NULL,	'2011-08-10 16:28:54',	'2011-07-19 11:47:53',	139,	NULL,	NULL,	NULL,	1,	0),
(141,	1,	'Elegance 206329',	'elegance-206329',	'',	1,	212.00,	NULL,	'2011-08-10 16:28:54',	'2011-07-19 11:51:45',	140,	NULL,	NULL,	NULL,	1,	0),
(142,	1,	'Elegance 211798',	'elegance-211798',	'',	1,	200.00,	NULL,	'2011-08-10 16:28:54',	'2011-07-19 11:54:54',	141,	NULL,	NULL,	NULL,	1,	0),
(143,	1,	'Best of vlies 2012 174024',	'best-of-vlies-2012-174024',	'',	1,	200.00,	NULL,	'2011-08-10 16:28:54',	'2011-07-20 10:48:38',	142,	NULL,	NULL,	NULL,	1,	0),
(144,	1,	'Best of vlies 2012 174062',	'best-of-vlies-2012-174062',	'',	1,	200.00,	NULL,	'2011-08-10 16:28:54',	'2011-07-20 10:47:33',	143,	NULL,	NULL,	NULL,	1,	0),
(145,	1,	'Best of vlies 2012 174031',	'best-of-vlies-2012-174031',	'',	1,	200.00,	NULL,	'2011-08-10 16:28:54',	'2011-07-20 10:48:11',	144,	NULL,	NULL,	NULL,	1,	0),
(146,	1,	'Best of vlies 2012 128218',	'best-of-vlies-2012-128218',	'',	1,	172.00,	NULL,	'2011-08-10 16:28:54',	'2011-07-20 10:49:18',	145,	NULL,	NULL,	NULL,	1,	0),
(147,	1,	'Best of vlies 2012 128119',	'best-of-vlies-2012-128119',	'',	1,	172.00,	NULL,	'2011-08-10 16:28:54',	'2011-07-20 10:50:14',	146,	NULL,	NULL,	NULL,	1,	0),
(148,	1,	'Best of vlies 2012 128126',	'best-of-vlies-2012-128126',	'',	1,	172.00,	NULL,	'2011-08-10 16:28:54',	'2011-07-20 10:49:47',	147,	NULL,	NULL,	NULL,	1,	0),
(149,	1,	'Mirage 122940',	'mirage-122940',	'',	1,	247.00,	NULL,	'2011-08-10 16:28:54',	'2011-07-20 10:23:43',	148,	NULL,	NULL,	NULL,	1,	0),
(150,	1,	'Mirage 123848',	'mirage-123848',	'',	1,	212.00,	NULL,	'2011-08-10 16:28:54',	'2011-07-20 10:26:41',	149,	NULL,	NULL,	NULL,	1,	0),
(151,	1,	'Mirage 123817',	'mirage-123817',	'',	1,	212.00,	NULL,	'2011-08-10 16:28:54',	'2011-07-20 10:29:25',	150,	NULL,	NULL,	NULL,	1,	0),
(152,	1,	'Kitchen Dreams 213112',	'kitchen-dreams-213112',	'',	1,	212.00,	NULL,	'2011-08-10 16:28:54',	'2011-07-20 10:36:11',	151,	NULL,	NULL,	NULL,	1,	0),
(153,	1,	'Kitchen Dreams 213211',	'kitchen-dreams-213211',	'',	1,	200.00,	NULL,	'2011-08-10 16:28:54',	'2011-07-20 10:39:16',	152,	NULL,	NULL,	NULL,	1,	0),
(154,	1,	'Kitchen Dreams 213228',	'kitchen-dreams-213228',	'',	1,	200.00,	NULL,	'2011-08-10 16:28:54',	'2011-07-20 10:42:28',	153,	NULL,	NULL,	NULL,	1,	0),
(155,	1,	'Kitchen Dreams 213129',	'kitchen-dreams-213129',	'',	1,	212.00,	NULL,	'2011-08-10 16:28:54',	'2011-07-20 10:46:13',	154,	NULL,	NULL,	NULL,	1,	0),
(156,	1,	'Flock 2 567130',	'flock-2-567130',	'',	1,	247.00,	NULL,	'2011-08-10 16:28:54',	'2011-07-20 10:58:31',	155,	NULL,	NULL,	NULL,	1,	0),
(157,	1,	'Flock 2 551696',	'flock-2-551696',	'',	1,	222.00,	NULL,	'2011-08-10 16:28:54',	'2011-07-20 11:02:32',	156,	NULL,	NULL,	NULL,	1,	0),
(158,	1,	'Flock 551627',	'flock-551627',	'',	1,	222.00,	NULL,	'2011-08-10 16:28:54',	'2011-07-20 11:05:29',	157,	NULL,	NULL,	NULL,	1,	0),
(159,	1,	'Change 129161',	'change-129161',	'',	1,	183.00,	NULL,	'2011-08-10 16:28:54',	'2011-07-20 11:09:14',	158,	NULL,	NULL,	NULL,	1,	0),
(160,	1,	'Change 129130',	'change-129130',	'',	1,	183.00,	NULL,	'2011-08-10 16:28:54',	'2011-07-20 11:11:00',	159,	NULL,	NULL,	NULL,	1,	0),
(161,	1,	'Change 129147',	'change-129147',	'',	1,	183.00,	NULL,	'2011-08-10 16:28:54',	'2011-07-20 11:17:26',	160,	NULL,	NULL,	NULL,	1,	0),
(162,	1,	'Change 129154',	'change-129154',	'',	1,	183.00,	NULL,	'2011-08-10 16:28:54',	'2011-07-20 11:23:02',	161,	NULL,	NULL,	NULL,	1,	0),
(163,	1,	'Best of vlies 2012 217424',	'best-of-vlies-2012-217424',	'',	1,	212.00,	NULL,	'2011-08-10 16:28:54',	'2011-07-20 11:27:36',	162,	NULL,	NULL,	NULL,	1,	0),
(164,	1,	'Best of vlies 2012 217523',	'best-of-vlies-2012-217523',	'',	1,	212.00,	NULL,	'2011-08-10 16:28:54',	'2011-07-20 11:30:50',	163,	NULL,	NULL,	NULL,	1,	0),
(165,	1,	'Best of vlies 2012 217622',	'best-of-vlies-2012-217622',	'',	1,	200.00,	NULL,	'2011-08-10 16:28:54',	'2011-07-20 11:33:45',	164,	NULL,	NULL,	NULL,	1,	0),
(166,	1,	'Best of vlies 2012 217639',	'best-of-vlies-2012-217639',	'',	1,	200.00,	NULL,	'2011-08-10 16:28:54',	'2011-07-20 11:37:15',	165,	NULL,	NULL,	NULL,	1,	0),
(167,	1,	'Best of vlies 2012 217431',	'best-of-vlies-2012-217431',	'',	1,	212.00,	NULL,	'2011-08-10 16:28:54',	'2011-07-20 13:30:10',	166,	NULL,	NULL,	NULL,	1,	0),
(168,	1,	'Best of vlies 2012 217530',	'best-of-vlies-2012-217530',	'',	1,	212.00,	NULL,	'2011-08-10 16:28:54',	'2011-07-20 13:32:23',	167,	NULL,	NULL,	NULL,	1,	0),
(169,	1,	'Best of vlies 2012 217653',	'best-of-vlies-2012-217653',	'',	1,	200.00,	NULL,	'2011-08-10 16:28:54',	'2011-07-20 13:34:59',	168,	NULL,	NULL,	NULL,	1,	0),
(170,	1,	'Best of vlies 2012 217417',	'best-of-vlies-2012-217417',	'',	1,	212.00,	NULL,	'2011-08-10 16:28:54',	'2011-07-20 13:44:26',	169,	NULL,	NULL,	NULL,	1,	0),
(171,	1,	'Best of vlies 2012 217516',	'best-of-vlies-2012-217516',	'',	1,	212.00,	NULL,	'2011-08-10 16:28:54',	'2011-07-20 13:47:44',	170,	NULL,	NULL,	NULL,	1,	0),
(172,	1,	'Best of vlies 2012 217615',	'best-of-vlies-2012-217615',	'',	1,	200.00,	NULL,	'2011-08-10 16:28:54',	'2011-07-20 13:50:19',	171,	NULL,	NULL,	NULL,	1,	0),
(173,	1,	'Best of vlies 2012 217646',	'best-of-vlies-2012-217646',	'',	1,	200.00,	NULL,	'2011-08-10 16:28:54',	'2011-07-20 13:52:31',	172,	NULL,	NULL,	NULL,	1,	0),
(174,	1,	'Best of vlies 2012 595652',	'best-of-vlies-2012-595652',	'',	1,	202.00,	NULL,	'2011-08-10 16:28:54',	'2011-07-20 19:35:46',	173,	NULL,	NULL,	NULL,	1,	0),
(175,	1,	'Best of vlies 2012 526748',	'best-of-vlies-2012-526748',	'',	1,	202.00,	NULL,	'2011-08-10 16:28:54',	'2011-07-20 19:38:18',	174,	NULL,	NULL,	NULL,	1,	0),
(176,	1,	'Best of vlies 2012 179425',	'best-of-vlies-2012-179425',	'',	1,	212.00,	NULL,	'2011-08-10 16:28:54',	'2011-07-20 19:41:24',	175,	NULL,	NULL,	NULL,	1,	0),
(177,	1,	'Best of vlies 2012 179432',	'best-of-vlies-2012-179432',	'',	1,	212.00,	NULL,	'2011-08-10 16:28:54',	'2011-07-20 19:45:40',	176,	NULL,	NULL,	NULL,	1,	0),
(178,	1,	'Best of vlies 2012 595621',	'best-of-vlies-2012-595621',	'',	1,	202.00,	NULL,	'2011-08-10 16:28:54',	'2011-07-20 19:50:47',	177,	NULL,	NULL,	NULL,	1,	0),
(179,	1,	'Best of vlies 2012 526717',	'best-of-vlies-2012-526717',	'',	1,	202.00,	NULL,	'2011-08-10 16:28:54',	'2011-07-20 19:53:26',	178,	NULL,	NULL,	NULL,	1,	0),
(180,	1,	'Best of vlies 2012 179418',	'best-of-vlies-2012-179418',	'',	1,	212.00,	NULL,	'2011-08-10 16:28:54',	'2011-07-20 19:55:47',	179,	NULL,	NULL,	NULL,	1,	0),
(181,	1,	'Best of vlies 2012 179470',	'best-of-vlies-2012-179470',	'',	1,	212.00,	NULL,	'2011-08-10 16:28:54',	'2011-07-20 19:57:35',	180,	NULL,	NULL,	NULL,	1,	0),
(182,	1,	'Best of vlies 2012 179487',	'best-of-vlies-2012-179487',	'',	1,	212.00,	NULL,	'2011-08-10 16:28:54',	'2011-07-20 19:59:36',	181,	NULL,	NULL,	NULL,	1,	0),
(183,	1,	'Flock 2 106919',	'flock-2-106919',	'',	1,	247.00,	NULL,	'2011-08-10 16:28:54',	'2011-07-20 20:05:28',	182,	NULL,	NULL,	NULL,	1,	0),
(184,	1,	'Best of vlies 2012 169259',	'best-of-vlies-2012-169259',	'',	1,	203.00,	NULL,	'2011-08-10 16:28:54',	'2011-07-20 20:09:43',	183,	NULL,	NULL,	NULL,	1,	0),
(185,	1,	'Mirage 123824',	'mirage-123824',	'',	1,	212.00,	NULL,	'2011-08-10 16:28:54',	'2011-07-20 20:12:48',	184,	NULL,	NULL,	NULL,	1,	0),
(186,	1,	'Avenzio 3 152718',	'avenzio-3-152718',	'',	1,	221.00,	NULL,	'2011-08-10 16:28:54',	'2011-07-20 20:15:49',	185,	NULL,	NULL,	NULL,	1,	0),
(187,	1,	'Avenzio 3 152657',	'avenzio-3-152657',	'',	1,	221.00,	NULL,	'2011-08-10 16:28:54',	'2011-07-20 20:17:45',	186,	NULL,	NULL,	NULL,	1,	0),
(188,	1,	'Avenzio 3 152633',	'avenzio-3-152633',	'',	1,	221.00,	NULL,	'2011-08-10 16:28:54',	'2011-07-20 20:19:41',	187,	NULL,	NULL,	NULL,	1,	0),
(189,	1,	'Styleguide Natürlich 562128',	'styleguide-natrlich-562128',	'',	1,	205.00,	NULL,	'2011-08-10 16:28:54',	'2011-07-21 09:58:08',	188,	NULL,	NULL,	NULL,	1,	0),
(190,	1,	'Styleguide Natürlich 562012',	'styleguide-natrlich-562012',	'',	1,	205.00,	NULL,	'2011-08-10 16:28:54',	'2011-07-21 10:01:15',	189,	NULL,	NULL,	NULL,	1,	0),
(191,	1,	'Styleguide Natürlich 169020',	'styleguide-natrlich-169020',	'',	1,	210.00,	NULL,	'2011-08-10 16:28:54',	'2011-07-21 10:04:26',	190,	NULL,	NULL,	NULL,	1,	0),
(192,	1,	'Design Panel 207616',	'design-panel-207616',	'',	1,	0.00,	NULL,	'2011-08-10 16:28:54',	'2011-07-21 10:13:17',	191,	NULL,	NULL,	NULL,	1,	0),
(193,	1,	'Brigitte 130518',	'brigitte-130518',	'',	1,	179.00,	NULL,	'2011-08-10 16:28:54',	'2011-07-21 10:27:19',	192,	NULL,	NULL,	NULL,	1,	0),
(194,	1,	'Brigitte 130419',	'brigitte-130419',	'',	1,	179.00,	NULL,	'2011-08-10 16:28:54',	'2011-07-21 10:30:25',	193,	NULL,	NULL,	NULL,	1,	0),
(195,	1,	'Brigitte 130617',	'brigitte-130617',	'',	1,	179.00,	NULL,	'2011-08-10 16:28:54',	'2011-07-21 10:33:20',	194,	NULL,	NULL,	NULL,	1,	0),
(196,	1,	'Brigitte 130761',	'brigitte-130761',	'',	1,	169.00,	NULL,	'2011-08-10 16:28:54',	'2011-07-21 10:38:59',	195,	NULL,	NULL,	NULL,	1,	0),
(197,	1,	'Brigitte 130525',	'brigitte-130525',	'',	1,	179.00,	NULL,	'2011-08-10 16:28:54',	'2011-07-21 10:42:25',	196,	NULL,	NULL,	NULL,	1,	0),
(198,	1,	'Brigitte 130426',	'brigitte-130426',	'',	1,	179.00,	NULL,	'2011-08-10 16:28:54',	'2011-07-21 10:44:52',	197,	NULL,	NULL,	NULL,	1,	0),
(199,	1,	'Brigitte 130648',	'brigitte-130648',	'',	1,	179.00,	NULL,	'2011-08-10 16:28:54',	'2011-07-21 10:47:45',	198,	NULL,	NULL,	NULL,	1,	0),
(200,	1,	'Brigitte 130747',	'brigitte-130747',	'',	1,	169.00,	NULL,	'2011-08-10 16:28:54',	'2011-07-21 10:52:53',	199,	NULL,	NULL,	NULL,	1,	0),
(201,	1,	'Brigitte 130754',	'brigitte-130754',	'',	1,	169.00,	NULL,	'2011-08-10 16:28:54',	'2011-07-21 10:55:15',	200,	NULL,	NULL,	NULL,	1,	0),
(202,	1,	'Brigitte 130631',	'brigitte-130631',	'',	1,	179.00,	NULL,	'2011-08-10 16:28:54',	'2011-07-21 10:58:45',	201,	NULL,	NULL,	NULL,	1,	0),
(203,	1,	'Brigitte 130624',	'brigitte-130624',	'',	1,	179.00,	NULL,	'2011-08-10 16:28:54',	'2011-07-21 11:01:27',	202,	NULL,	NULL,	NULL,	1,	0),
(204,	1,	'Brigitte 130723',	'brigitte-130723',	'',	1,	169.00,	NULL,	'2011-08-10 16:28:54',	'2011-07-21 11:04:22',	203,	NULL,	NULL,	NULL,	1,	0),
(205,	1,	'Brigitte 130716',	'brigitte-130716',	'',	1,	169.00,	NULL,	'2011-08-10 16:28:54',	'2011-07-21 11:07:58',	204,	NULL,	NULL,	NULL,	1,	0),
(206,	1,	'Brigitte 130730',	'brigitte-130730',	'',	1,	169.00,	NULL,	'2011-08-10 16:28:54',	'2011-07-21 11:11:57',	205,	NULL,	NULL,	NULL,	1,	0),
(207,	1,	'Brigitte 131126',	'brigitte-131126',	'',	1,	186.00,	NULL,	'2011-08-10 16:28:54',	'2011-07-21 17:01:32',	206,	NULL,	NULL,	NULL,	1,	0),
(208,	1,	'Brigitte 130921',	'brigitte-130921',	'',	1,	233.00,	NULL,	'2011-08-10 16:28:54',	'2011-07-21 17:06:29',	207,	NULL,	NULL,	NULL,	1,	0),
(209,	1,	'Brigitte 131041',	'brigitte-131041',	'',	1,	212.00,	NULL,	'2011-08-10 16:28:54',	'2011-07-21 17:09:52',	208,	NULL,	NULL,	NULL,	1,	0),
(210,	1,	'Brigitte 130822',	'brigitte-130822',	'',	1,	233.00,	NULL,	'2011-08-10 16:28:54',	'2011-07-21 17:18:05',	209,	NULL,	NULL,	NULL,	1,	0),
(211,	1,	'Brigitte 131133',	'brigitte-131133',	'',	1,	186.00,	NULL,	'2011-08-10 16:28:54',	'2011-07-21 17:20:31',	210,	NULL,	NULL,	NULL,	1,	0),
(212,	1,	'Brigitte 130938',	'brigitte-130938',	'',	1,	233.00,	NULL,	'2011-08-10 16:28:54',	'2011-07-21 17:23:14',	211,	NULL,	NULL,	NULL,	1,	0),
(213,	1,	'Brigitte 130815',	'brigitte-130815',	'',	1,	233.00,	NULL,	'2011-08-10 16:28:54',	'2011-07-21 17:26:02',	212,	NULL,	NULL,	NULL,	1,	0),
(214,	1,	'Brigitte 131119',	'brigitte-131119',	'',	1,	186.00,	NULL,	'2011-08-10 16:28:54',	'2011-07-21 17:29:40',	213,	NULL,	NULL,	NULL,	1,	0),
(215,	1,	'Brigitte 130914',	'brigitte-130914',	'',	1,	233.00,	NULL,	'2011-08-10 16:28:54',	'2011-07-21 17:32:17',	214,	NULL,	NULL,	NULL,	1,	0),
(216,	1,	'Brigitte 130839',	'brigitte-130839',	'',	1,	233.00,	NULL,	'2011-08-10 16:28:54',	'2011-07-21 17:39:20',	215,	NULL,	NULL,	NULL,	1,	0),
(217,	1,	'Brigitte 677822',	'brigitte-677822',	'',	1,	223.00,	NULL,	'2011-08-10 16:28:54',	'2011-07-21 21:03:06',	216,	NULL,	NULL,	NULL,	1,	0),
(218,	1,	'Brigitte 677921',	'brigitte-677921',	'',	1,	200.00,	NULL,	'2011-08-10 16:28:54',	'2011-07-21 21:05:25',	217,	NULL,	NULL,	NULL,	1,	0),
(219,	1,	'Brigitte 677723',	'brigitte-677723',	'',	1,	200.00,	NULL,	'2011-08-10 16:28:54',	'2011-07-21 21:17:22',	218,	NULL,	NULL,	NULL,	1,	0),
(220,	1,	'Brigitte 677730',	'brigitte-677730',	'',	1,	200.00,	NULL,	'2011-08-10 16:28:54',	'2011-07-21 21:20:28',	219,	NULL,	NULL,	NULL,	1,	0),
(221,	1,	'Brigitte 677815',	'brigitte-677815',	'',	1,	223.00,	NULL,	'2011-08-10 16:28:54',	'2011-07-21 21:24:16',	220,	NULL,	NULL,	NULL,	1,	0),
(222,	1,	'Brigitte 677914',	'brigitte-677914',	'',	1,	200.00,	NULL,	'2011-08-10 16:28:54',	'2011-07-21 21:26:37',	221,	NULL,	NULL,	NULL,	1,	0),
(223,	1,	'Brigitte 678010',	'brigitte-678010',	'',	1,	200.00,	NULL,	'2011-08-10 16:28:54',	'2011-07-21 21:29:23',	222,	NULL,	NULL,	NULL,	1,	0),
(224,	1,	'Brigitte 677747',	'brigitte-677747',	'',	1,	200.00,	NULL,	'2011-08-10 16:28:54',	'2011-07-21 21:32:49',	223,	NULL,	NULL,	NULL,	1,	0),
(225,	1,	'Brigitte 677716',	'brigitte-677716',	'',	1,	200.00,	NULL,	'2011-08-10 16:28:54',	'2011-07-25 09:57:11',	224,	NULL,	NULL,	NULL,	1,	0),
(226,	1,	'Brigitte 677839',	'brigitte-677839',	'',	1,	223.00,	NULL,	'2011-08-10 16:28:54',	'2011-07-25 10:02:20',	225,	NULL,	NULL,	NULL,	1,	0),
(227,	1,	'Brigitte 677938',	'brigitte-677938',	'',	1,	200.00,	NULL,	'2011-08-10 16:28:54',	'2011-07-25 10:06:29',	226,	NULL,	NULL,	NULL,	1,	0),
(228,	1,	'Brigitte 678034',	'brigitte-678034',	'',	1,	200.00,	NULL,	'2011-08-10 16:28:54',	'2011-07-25 10:10:04',	227,	NULL,	NULL,	NULL,	1,	0),
(229,	1,	'Brigitte 130143',	'brigitte-130143',	'',	1,	374.00,	NULL,	'2011-08-10 16:28:54',	'2011-07-25 10:22:46',	228,	NULL,	NULL,	NULL,	1,	0),
(230,	1,	'Brigitte 130044',	'brigitte-130044',	'',	1,	360.00,	NULL,	'2011-08-10 16:28:54',	'2011-07-25 10:25:07',	229,	NULL,	NULL,	NULL,	1,	0),
(231,	1,	'Brigitte 130242',	'brigitte-130242',	'',	1,	360.00,	NULL,	'2011-08-10 16:28:54',	'2011-07-25 10:28:12',	230,	NULL,	NULL,	NULL,	1,	0),
(232,	1,	'Brigitte 130266',	'brigitte-130266',	'',	1,	360.00,	NULL,	'2011-08-10 16:28:54',	'2011-07-25 10:31:30',	231,	NULL,	NULL,	NULL,	1,	0),
(233,	1,	'Brigitte 130112',	'brigitte-130112',	'',	1,	374.00,	NULL,	'2011-08-10 16:28:54',	'2011-07-25 10:38:05',	232,	NULL,	NULL,	NULL,	1,	0),
(234,	1,	'Brigitte 130013',	'brigitte-130013',	'',	1,	360.00,	NULL,	'2011-08-10 16:28:54',	'2011-07-25 10:45:41',	233,	NULL,	NULL,	NULL,	1,	0),
(235,	1,	'Brigitte 130211',	'brigitte-130211',	'',	1,	360.00,	NULL,	'2011-08-10 16:28:54',	'2011-07-25 10:49:09',	234,	NULL,	NULL,	NULL,	1,	0),
(236,	1,	'Brigitte 130280',	'brigitte-130280',	'',	1,	360.00,	NULL,	'2011-08-10 16:28:54',	'2011-07-25 10:52:26',	235,	NULL,	NULL,	NULL,	1,	0),
(237,	1,	'Brigitte 130273',	'brigitte-130273',	'',	1,	360.00,	NULL,	'2011-08-10 16:28:54',	'2011-07-25 10:57:18',	236,	NULL,	NULL,	NULL,	1,	0),
(238,	1,	'Brigitte 130136',	'brigitte-130136',	'',	1,	374.00,	NULL,	'2011-08-10 16:28:54',	'2011-07-25 11:02:43',	237,	NULL,	NULL,	NULL,	1,	0),
(239,	1,	'Brigitte 130037',	'brigitte-130037',	'',	1,	360.00,	NULL,	'2011-08-10 16:28:54',	'2011-07-25 11:04:50',	238,	NULL,	NULL,	NULL,	1,	0),
(240,	1,	'Brigitte 130235',	'brigitte-130235',	'',	1,	360.00,	NULL,	'2011-08-10 16:28:54',	'2011-07-25 11:08:20',	239,	NULL,	NULL,	NULL,	1,	0),
(241,	1,	'Brigitte 130129',	'brigitte-130129',	'',	1,	374.00,	NULL,	'2011-08-10 16:28:54',	'2011-07-25 11:13:07',	240,	NULL,	NULL,	NULL,	1,	0),
(242,	1,	'Brigitte 130020',	'brigitte-130020',	'',	1,	360.00,	NULL,	'2011-08-10 16:28:54',	'2011-07-25 11:15:08',	241,	NULL,	NULL,	NULL,	1,	0),
(243,	1,	'Brigitte 130259',	'brigitte-130259',	'',	1,	360.00,	NULL,	'2011-08-10 16:28:54',	'2011-07-25 11:17:56',	242,	NULL,	NULL,	NULL,	1,	0),
(244,	1,	'Brigitte 130228',	'brigitte-130228',	'',	1,	360.00,	NULL,	'2011-08-10 16:28:54',	'2011-07-25 11:21:58',	243,	NULL,	NULL,	NULL,	1,	0),
(245,	1,	'Brigitte 677419',	'brigitte-677419',	'',	1,	139.00,	NULL,	'2011-08-10 16:28:54',	'2011-07-25 11:27:37',	244,	NULL,	NULL,	NULL,	1,	0),
(246,	1,	'Brigitte 677518',	'brigitte-677518',	'',	1,	139.00,	NULL,	'2011-08-10 16:28:54',	'2011-07-25 11:31:07',	245,	NULL,	NULL,	NULL,	1,	0),
(247,	1,	'Brigitte 677617',	'brigitte-677617',	'',	1,	139.00,	NULL,	'2011-08-10 16:28:54',	'2011-07-25 11:35:06',	246,	NULL,	NULL,	NULL,	1,	0),
(248,	1,	'Brigitte 677648',	'brigitte-677648',	'',	1,	139.00,	NULL,	'2011-08-10 16:28:54',	'2011-07-25 11:37:20',	247,	NULL,	NULL,	NULL,	1,	0),
(249,	1,	'Brigitte 677433',	'brigitte-677433',	'',	1,	139.00,	NULL,	'2011-08-10 16:28:54',	'2011-07-25 11:40:26',	248,	NULL,	NULL,	NULL,	1,	0),
(250,	1,	'Brigitte 677532',	'brigitte-677532',	'',	1,	139.00,	NULL,	'2011-08-10 16:28:54',	'2011-07-25 11:42:50',	249,	NULL,	NULL,	NULL,	1,	0),
(251,	1,	'Brigitte 677655',	'brigitte-677655',	'',	1,	139.00,	NULL,	'2011-08-10 16:28:54',	'2011-07-25 11:45:29',	250,	NULL,	NULL,	NULL,	1,	0),
(252,	1,	'Brigitte 677631',	'brigitte-677631',	'',	1,	139.00,	NULL,	'2011-08-10 16:28:54',	'2011-07-25 11:47:50',	251,	NULL,	NULL,	NULL,	1,	0),
(253,	1,	'Brigitte 677426',	'brigitte-677426',	'',	1,	139.00,	NULL,	'2011-08-10 16:28:54',	'2011-07-25 11:50:28',	252,	NULL,	NULL,	NULL,	1,	0),
(254,	1,	'Brigitte 677525',	'brigitte-677525',	'',	1,	139.00,	NULL,	'2011-08-10 16:28:54',	'2011-07-25 11:53:49',	253,	NULL,	NULL,	NULL,	1,	0),
(255,	1,	'Brigitte 677624',	'brigitte-677624',	'',	1,	139.00,	NULL,	'2011-08-10 16:28:54',	'2011-07-25 11:59:51',	254,	NULL,	NULL,	NULL,	1,	0),
(256,	1,	'Brigitte 2 226341',	'brigitte-2-226341',	'',	1,	183.00,	NULL,	'2011-08-10 16:28:54',	'2011-07-27 13:06:41',	255,	NULL,	NULL,	NULL,	1,	0),
(257,	1,	'Brigitte 2 226143',	'brigitte-2-226143',	'',	1,	233.00,	NULL,	'2011-08-10 16:28:54',	'2011-07-27 13:11:11',	256,	NULL,	NULL,	NULL,	1,	0),
(258,	1,	'Brigitte 2 226242',	'brigitte-2',	'',	1,	233.00,	NULL,	'2011-08-10 16:28:54',	'2011-07-27 13:15:05',	257,	NULL,	NULL,	NULL,	1,	0),
(259,	1,	'Briggite 2 226631',	'briggite-2-226631',	'',	1,	212.00,	NULL,	'2011-08-10 16:28:54',	'2011-07-27 13:18:53',	258,	NULL,	NULL,	NULL,	1,	0),
(260,	1,	'Brigitte 2 226624',	'brigitte-2-226624',	'',	1,	212.00,	NULL,	'2011-08-10 16:28:54',	'2011-07-27 13:22:06',	259,	NULL,	NULL,	NULL,	1,	0),
(261,	1,	'Brigitte 2 226648',	'brigitte-2-226648',	'',	1,	212.00,	NULL,	'2011-08-10 16:28:54',	'2011-07-27 13:24:42',	260,	NULL,	NULL,	NULL,	1,	0),
(262,	1,	'Brigitte 2 226334',	'brigitte-2-226334',	'',	1,	183.00,	NULL,	'2011-08-10 16:28:54',	'2011-07-27 13:29:10',	261,	NULL,	NULL,	NULL,	1,	0),
(263,	1,	'Brigitte 2 226136',	'brigitte-2-226136',	'',	1,	233.00,	NULL,	'2011-08-10 16:28:54',	'2011-07-27 13:31:46',	262,	NULL,	NULL,	NULL,	1,	0),
(264,	1,	'Brigitte 2 226235',	'brigitte-2-226235',	'',	1,	233.00,	NULL,	'2011-08-10 16:28:54',	'2011-07-27 13:34:13',	263,	NULL,	NULL,	NULL,	1,	0),
(265,	1,	'Brigitte 2 226310',	'brigitte-2-226310',	'',	1,	183.00,	NULL,	'2011-08-10 16:28:54',	'2011-07-27 13:36:55',	264,	NULL,	NULL,	NULL,	1,	0),
(266,	1,	'Brigitte 2 226112',	'brigitte-2-226112',	'',	1,	233.00,	NULL,	'2011-08-10 16:28:54',	'2011-07-27 13:39:21',	265,	NULL,	NULL,	NULL,	1,	0),
(267,	1,	'Brigitte 2 226211',	'brigitte-2-226211',	'',	1,	233.00,	NULL,	'2011-08-10 16:28:54',	'2011-07-27 13:42:32',	266,	NULL,	NULL,	NULL,	1,	0),
(268,	1,	'Brigitte 2 226617',	'brigitte-2-226617',	'',	1,	212.00,	NULL,	'2011-08-10 16:28:54',	'2011-07-27 13:46:45',	267,	NULL,	NULL,	NULL,	1,	0),
(269,	1,	'Brigitte 2 226662',	'brigitte-2-226662',	'',	1,	212.00,	NULL,	'2011-08-10 16:28:54',	'2011-07-27 13:49:40',	268,	NULL,	NULL,	NULL,	1,	0),
(270,	1,	'Brigitte 2 226327',	'brigitte-2-226327',	'',	1,	183.00,	NULL,	'2011-08-10 16:28:54',	'2011-07-27 13:55:08',	269,	NULL,	NULL,	NULL,	1,	0),
(271,	1,	'Brigitte 2 226129',	'brigitte-2-226129',	'',	1,	233.00,	NULL,	'2011-08-10 16:28:54',	'2011-07-27 13:58:39',	270,	NULL,	NULL,	NULL,	1,	0),
(272,	1,	'Brigitte 2 226228',	'brigitte-2-226228',	'',	1,	233.00,	NULL,	'2011-08-10 16:28:54',	'2011-07-27 14:01:58',	271,	NULL,	NULL,	NULL,	1,	0),
(273,	1,	'Brigitte 2 226655',	'brigitte-2-226655',	'',	1,	212.00,	NULL,	'2011-08-10 16:28:54',	'2011-07-27 14:05:30',	272,	NULL,	NULL,	NULL,	1,	0),
(274,	1,	'Brigitte 2 226549',	'brigitte-2-226549',	'',	1,	183.00,	NULL,	'2011-08-10 16:28:54',	'2011-07-27 14:08:21',	273,	NULL,	NULL,	NULL,	1,	0),
(275,	1,	'Brigitte 2 226440',	'brigitte-2-226440',	'',	1,	233.00,	NULL,	'2011-08-10 16:28:54',	'2011-07-27 14:14:05',	274,	NULL,	NULL,	NULL,	1,	0),
(276,	1,	'Brigitte 2 226242',	'brigitte-2-226242',	'',	1,	233.00,	NULL,	'2011-08-10 16:28:54',	'2011-07-27 14:18:18',	275,	NULL,	NULL,	NULL,	1,	0),
(277,	1,	'Brigitte 2 226518',	'brigitte-2-226518',	'',	1,	183.00,	NULL,	'2011-08-10 16:28:54',	'2011-07-27 14:21:08',	276,	NULL,	NULL,	NULL,	1,	0),
(278,	1,	'Brigitte 2 226419',	'brigitte-2-226419',	'',	1,	233.00,	NULL,	'2011-08-10 16:28:54',	'2011-07-27 14:24:02',	277,	NULL,	NULL,	NULL,	1,	0),
(279,	1,	'Brigitte 2 226532',	'brigitte-2-226532',	'',	1,	183.00,	NULL,	'2011-08-10 16:28:54',	'2011-07-27 14:27:42',	278,	NULL,	NULL,	NULL,	1,	0),
(280,	1,	'Brigitte 2 226433',	'brigitte-2-226433',	'',	1,	233.00,	NULL,	'2011-08-10 16:28:54',	'2011-07-27 14:30:59',	279,	NULL,	NULL,	NULL,	1,	0),
(281,	1,	'Brigitte 2 226525',	'brigitte-2-226525',	'',	1,	183.00,	NULL,	'2011-08-10 16:28:54',	'2011-07-27 14:34:50',	280,	NULL,	NULL,	NULL,	1,	0),
(282,	1,	'Brigitte 2 226426',	'brigitte-2-226426',	'',	1,	233.00,	NULL,	'2011-08-10 16:28:54',	'2011-07-27 14:38:20',	281,	NULL,	NULL,	NULL,	1,	0),
(283,	1,	'Cabaret 115317',	'cabaret-115317',	'',	1,	233.00,	NULL,	'2011-08-10 16:28:54',	'2011-07-28 14:18:22',	282,	NULL,	NULL,	NULL,	1,	0),
(284,	1,	'Cabaret 129741',	'cabaret-129741',	'',	1,	212.00,	NULL,	'2011-08-10 16:28:54',	'2011-07-28 14:21:36',	283,	NULL,	NULL,	NULL,	1,	0),
(285,	1,	'Cabaret 129734',	'cabaret-129734',	'',	1,	212.00,	NULL,	'2011-08-10 16:28:54',	'2011-07-28 14:25:11',	284,	NULL,	NULL,	NULL,	1,	0),
(286,	1,	'Cabaret 129727',	'cabaret-129727',	'',	1,	212.00,	NULL,	'2011-08-10 16:28:54',	'2011-07-28 14:28:40',	285,	NULL,	NULL,	NULL,	1,	0),
(287,	1,	'Cabaret 115324',	'cabaret-115324',	'',	1,	233.00,	NULL,	'2011-08-10 16:28:54',	'2011-07-28 14:34:11',	286,	NULL,	NULL,	NULL,	1,	0),
(288,	1,	'Cabaret 129635',	'cabaret-129635',	'',	1,	212.00,	NULL,	'2011-08-10 16:28:54',	'2011-07-28 14:37:57',	287,	NULL,	NULL,	NULL,	1,	0),
(289,	1,	'Cabaret 129628',	'cabaret-129628',	'',	1,	212.00,	NULL,	'2011-08-10 16:28:54',	'2011-07-28 14:42:21',	288,	NULL,	NULL,	NULL,	1,	0),
(290,	1,	'Cabaret 129697',	'cabaret',	'',	1,	212.00,	NULL,	'2011-08-10 16:28:54',	'2011-07-28 14:53:40',	289,	NULL,	NULL,	NULL,	1,	0),
(291,	1,	'Cabaret 129710',	'cabaret-129710',	'',	1,	212.00,	NULL,	'2011-08-10 16:28:54',	'2011-07-28 14:56:26',	290,	NULL,	NULL,	NULL,	1,	0),
(292,	1,	'Cabaret 115331',	'cabaret-115331',	'',	1,	233.00,	NULL,	'2011-08-10 16:28:54',	'2011-07-28 15:00:30',	291,	NULL,	NULL,	NULL,	1,	0),
(293,	1,	'Cabaret 129611',	'cabaret-129611',	'',	1,	212.00,	NULL,	'2011-08-10 16:28:54',	'2011-07-28 15:04:07',	292,	NULL,	NULL,	NULL,	1,	0),
(294,	1,	'Cabaret 129840',	'cabaret-129840',	'',	1,	233.00,	NULL,	'2011-08-10 16:28:54',	'2011-07-28 15:07:57',	293,	NULL,	NULL,	NULL,	1,	0),
(295,	1,	'Cabaret 129659',	'cabaret-129659',	'',	1,	212.00,	NULL,	'2011-08-10 16:28:54',	'2011-07-28 15:10:38',	294,	NULL,	NULL,	NULL,	1,	0),
(296,	1,	'Cabaret 129833',	'cabaret-129833',	'',	1,	233.00,	NULL,	'2011-08-10 16:28:54',	'2011-07-28 15:13:22',	295,	NULL,	NULL,	NULL,	1,	0),
(297,	1,	'Cabaret 129666',	'cabaret-129666',	'',	1,	212.00,	NULL,	'2011-08-10 16:28:54',	'2011-07-28 15:16:02',	296,	NULL,	NULL,	NULL,	1,	0),
(298,	1,	'Cabaret 129642',	'cabaret-129642',	'',	1,	212.00,	NULL,	'2011-08-10 16:28:54',	'2011-07-28 15:19:44',	297,	NULL,	NULL,	NULL,	1,	0),
(299,	1,	'Cabaret 129826',	'cabaret-129826',	'',	1,	233.00,	NULL,	'2011-08-10 16:28:54',	'2011-07-28 15:23:02',	298,	NULL,	NULL,	NULL,	1,	0),
(300,	1,	'Cabaret 129819',	'cabaret-129819',	'',	1,	233.00,	NULL,	'2011-08-10 16:28:54',	'2011-07-28 15:26:45',	299,	NULL,	NULL,	NULL,	1,	0),
(301,	1,	'Cabaret 129673',	'cabaret-129673',	'',	1,	212.00,	NULL,	'2011-08-10 16:28:54',	'2011-07-28 15:29:34',	300,	NULL,	NULL,	NULL,	1,	0),
(302,	1,	'Cabaret 129680',	'cabaret-129680',	'',	1,	212.00,	NULL,	'2011-08-10 16:28:54',	'2011-07-28 15:32:39',	301,	NULL,	NULL,	NULL,	1,	0),
(303,	1,	'Cabaret 129758',	'cabaret-129758',	'',	1,	212.00,	NULL,	'2011-08-10 16:28:54',	'2011-07-28 18:57:58',	302,	NULL,	NULL,	NULL,	1,	0),
(304,	1,	'Cabaret 129918',	'cabaret-129918',	'',	1,	233.00,	NULL,	'2011-08-10 16:28:54',	'2011-07-28 19:01:03',	303,	NULL,	NULL,	NULL,	1,	0),
(305,	1,	'Cabaret 129772',	'cabaret-129772',	'',	1,	212.00,	NULL,	'2011-08-10 16:28:54',	'2011-07-28 19:05:10',	304,	NULL,	NULL,	NULL,	1,	0),
(307,	1,	'Cabaret 129932',	'cabaret-129932',	'',	1,	233.00,	NULL,	'2011-08-10 16:28:54',	'2011-07-28 19:12:27',	306,	NULL,	NULL,	NULL,	1,	0),
(308,	1,	'Cabaret 129925',	'cabaret-129925',	'',	1,	233.00,	NULL,	'2011-08-10 16:28:54',	'2011-07-28 19:15:41',	307,	NULL,	NULL,	NULL,	1,	0),
(309,	1,	'Cabaret 129949',	'cabaret-129949',	'',	1,	233.00,	NULL,	'2011-08-10 16:28:54',	'2011-07-28 19:19:09',	308,	NULL,	NULL,	NULL,	1,	0),
(310,	1,	'Cabaret 130334',	'cabaret-130334',	'',	1,	233.00,	NULL,	'2011-08-10 16:28:54',	'2011-07-28 19:22:55',	309,	NULL,	NULL,	NULL,	1,	0),
(311,	1,	'Cabaret 130341',	'cabaret-130341',	'',	1,	233.00,	NULL,	'2011-08-10 16:28:54',	'2011-07-28 19:25:51',	310,	NULL,	NULL,	NULL,	1,	0),
(312,	1,	'Cabaret 129765',	'cabaret-129765',	'',	1,	212.00,	NULL,	'2011-08-10 16:28:54',	'2011-07-28 19:28:41',	311,	NULL,	NULL,	NULL,	1,	0),
(313,	1,	'Cabaret 130327',	'cabaret-130327',	'',	1,	233.00,	NULL,	'2011-08-10 16:28:54',	'2011-07-28 19:31:43',	312,	NULL,	NULL,	NULL,	1,	0),
(314,	1,	'Cabaret 130310',	'cabaret-130310',	'',	1,	233.00,	NULL,	'2011-08-10 16:28:54',	'2011-07-28 19:34:54',	313,	NULL,	NULL,	NULL,	1,	0),
(315,	1,	'Cabaret 116727',	'cabaret-116727',	'',	1,	233.00,	NULL,	'2011-08-10 16:28:54',	'2011-07-28 19:39:47',	314,	NULL,	NULL,	NULL,	1,	0),
(316,	1,	'Cabaret 116826',	'cabaret-116826',	'',	1,	233.00,	NULL,	'2011-08-10 16:28:54',	'2011-07-28 19:43:36',	315,	NULL,	NULL,	NULL,	1,	0),
(317,	1,	'Cabaret 116710',	'cabaret-116710',	'',	1,	233.00,	NULL,	'2011-08-10 16:28:54',	'2011-07-28 19:46:39',	316,	NULL,	NULL,	NULL,	1,	0),
(318,	1,	'Cabaret 116819',	'cabaret-116819',	'',	1,	233.00,	NULL,	'2011-08-10 16:28:54',	'2011-07-28 19:55:42',	317,	NULL,	NULL,	NULL,	1,	0),
(319,	1,	'Cabaret 115911',	'cabaret-115911',	'',	1,	233.00,	NULL,	'2011-08-10 16:28:54',	'2011-07-28 20:03:00',	318,	NULL,	NULL,	NULL,	1,	0),
(320,	1,	'Cabaret 115812',	'cabaret-115812',	'',	1,	233.00,	NULL,	'2011-08-10 16:28:54',	'2011-07-29 11:13:42',	319,	NULL,	NULL,	NULL,	1,	0),
(321,	1,	'Cabaret 116017',	'cabaret-116017',	'',	1,	0.00,	NULL,	'2011-08-10 16:28:54',	'2011-07-29 11:06:35',	320,	NULL,	NULL,	NULL,	1,	0),
(322,	1,	'Cabaret 115928',	'cabaret-115928',	'',	1,	233.00,	NULL,	'2011-08-10 16:28:54',	'2011-07-29 11:09:27',	321,	NULL,	NULL,	NULL,	1,	0),
(323,	1,	'Cabaret 115836',	'cabaret-115836',	'',	1,	233.00,	NULL,	'2011-08-10 16:28:54',	'2011-07-29 11:12:53',	322,	NULL,	NULL,	NULL,	1,	0),
(324,	1,	'Chateau 2 641014',	'chateau-2-641014',	'',	1,	255.00,	NULL,	'2011-08-10 16:28:54',	'2011-08-01 09:59:39',	323,	NULL,	NULL,	NULL,	1,	0),
(325,	1,	'Chateau 2 640918',	'chateau-2-640918',	'',	1,	255.00,	NULL,	'2011-08-10 16:28:54',	'2011-08-01 10:04:28',	324,	NULL,	NULL,	NULL,	1,	0),
(326,	1,	'Chateau 2 641922',	'chateau-2-641922',	'',	1,	180.00,	NULL,	'2011-08-10 16:28:54',	'2011-08-01 10:07:31',	325,	NULL,	NULL,	NULL,	1,	0),
(327,	1,	'Chateau 2 642028',	'chateau-2-642028',	'',	1,	255.00,	NULL,	'2011-08-10 16:28:54',	'2011-08-01 10:11:28',	326,	NULL,	NULL,	NULL,	1,	0),
(328,	1,	'Chateau 2 733542',	'chateau-2-733542',	'',	1,	238.00,	NULL,	'2011-08-10 16:28:54',	'2011-08-01 10:14:50',	327,	NULL,	NULL,	NULL,	1,	0),
(329,	1,	'Chateau 2 642011',	'chateau-2-642011',	'',	1,	255.00,	NULL,	'2011-08-10 16:28:54',	'2011-08-01 10:21:20',	328,	NULL,	NULL,	NULL,	1,	0),
(330,	1,	'Chateau 2 641915',	'chateau-2-641915',	'',	1,	180.00,	NULL,	'2011-08-10 16:28:54',	'2011-08-01 10:31:14',	329,	NULL,	NULL,	NULL,	1,	0),
(331,	1,	'Chateau 2 642110',	'chateau-2-642110',	'',	1,	243.00,	NULL,	'2011-08-10 16:28:54',	'2011-08-01 10:36:16',	330,	NULL,	NULL,	NULL,	1,	0),
(332,	1,	'Chateau 2 648037',	'chateau-2-648037',	'',	1,	255.00,	NULL,	'2011-08-10 16:28:54',	'2011-08-01 10:38:36',	331,	NULL,	NULL,	NULL,	1,	0),
(333,	1,	'Chateau 2 648136',	'chateau-2-648136',	'',	1,	255.00,	NULL,	'2011-08-10 16:28:54',	'2011-08-01 10:41:35',	332,	NULL,	NULL,	NULL,	1,	0),
(334,	1,	'Chateau 2 648020',	'chateau-2-648020',	'',	1,	255.00,	NULL,	'2011-08-10 16:28:54',	'2011-08-01 10:44:52',	333,	NULL,	NULL,	NULL,	1,	0),
(335,	1,	'Chateau 2 648129',	'chateau-2-648129',	'',	1,	255.00,	NULL,	'2011-08-10 16:28:54',	'2011-08-01 10:48:00',	334,	NULL,	NULL,	NULL,	1,	0),
(336,	1,	'Chateau 2 648051',	'chateau-2-648051',	'',	1,	255.00,	NULL,	'2011-08-10 16:28:54',	'2011-08-01 10:52:06',	335,	NULL,	NULL,	NULL,	1,	0),
(337,	1,	'Chateau 2 648150',	'chateau-2-648150',	'',	1,	255.00,	NULL,	'2011-08-10 16:28:54',	'2011-08-01 10:55:22',	336,	NULL,	NULL,	NULL,	1,	0),
(338,	1,	'Chateau 2 648013',	'chateau-2-648013',	'',	1,	255.00,	NULL,	'2011-08-10 16:28:54',	'2011-08-01 11:00:46',	337,	NULL,	NULL,	NULL,	1,	0),
(339,	1,	'Chateau 2 648112',	'chateau-2-648112',	'',	1,	255.00,	NULL,	'2011-08-10 16:28:54',	'2011-08-01 11:03:56',	338,	NULL,	NULL,	NULL,	1,	0),
(340,	1,	'Chateau 2 648044',	'chateau-2-648044',	'',	1,	255.00,	NULL,	'2011-08-10 16:28:54',	'2011-08-01 11:07:16',	339,	NULL,	NULL,	NULL,	1,	0),
(341,	1,	'Chateau 2 648143',	'chateau-2-648143',	'',	1,	255.00,	NULL,	'2011-08-10 16:28:54',	'2011-08-01 11:12:07',	340,	NULL,	NULL,	NULL,	1,	0),
(342,	1,	'Chateau 2 650016',	'chateau-2-650016',	'',	1,	255.00,	NULL,	'2011-08-10 16:28:54',	'2011-08-01 11:20:41',	341,	NULL,	NULL,	NULL,	1,	0),
(343,	1,	'Chateau 2 650115',	'chateau-2-650115',	'',	1,	170.00,	NULL,	'2011-08-10 16:28:54',	'2011-08-01 11:24:25',	342,	NULL,	NULL,	NULL,	1,	0),
(344,	1,	'Chateau 2 650214',	'chateau-2-650214',	'',	1,	255.00,	NULL,	'2011-08-10 16:28:54',	'2011-08-01 11:27:44',	343,	NULL,	NULL,	NULL,	1,	0),
(345,	1,	'Chateau 2 650139',	'chateau-2-650139',	'',	1,	170.00,	NULL,	'2011-08-10 16:28:54',	'2011-08-01 11:32:52',	344,	NULL,	NULL,	NULL,	1,	0),
(346,	1,	'Chateau 2 650238',	'chateau-2-650238',	'',	1,	255.00,	NULL,	'2011-08-10 16:28:54',	'2011-08-01 11:36:17',	345,	NULL,	NULL,	NULL,	1,	0),
(347,	1,	'Chateau 2 650337',	'chateau-2-650337',	'',	1,	243.00,	NULL,	'2011-08-10 16:28:54',	'2011-08-01 11:40:39',	346,	NULL,	NULL,	NULL,	1,	0),
(348,	1,	'Chateau 2 650122',	'chateau-2-650122',	'',	1,	170.00,	NULL,	'2011-08-10 16:28:54',	'2011-08-01 11:45:09',	347,	NULL,	NULL,	NULL,	1,	0),
(349,	1,	'Chateau 2 650023',	'chateau-2-650023',	'',	1,	255.00,	NULL,	'2011-08-10 16:28:54',	'2011-08-01 11:49:44',	348,	NULL,	NULL,	NULL,	1,	0),
(350,	1,	'Chateau 2 650221',	'chateau-2-650221',	'',	1,	255.00,	NULL,	'2011-08-10 16:28:54',	'2011-08-01 11:53:11',	349,	NULL,	NULL,	NULL,	1,	0),
(351,	1,	'Chateau 2 650320',	'chateau-2-650320',	'',	1,	243.00,	NULL,	'2011-08-10 16:28:54',	'2011-08-01 11:56:37',	350,	NULL,	NULL,	NULL,	1,	0),
(352,	1,	'Chateau 2 650528',	'chateau-2-650528',	'',	1,	170.00,	NULL,	'2011-08-10 16:28:54',	'2011-08-02 11:58:44',	351,	NULL,	NULL,	NULL,	1,	0),
(353,	1,	'Chateau 2 650429',	'chateau-2-650429',	'',	1,	255.00,	NULL,	'2011-08-10 16:28:54',	'2011-08-02 12:03:13',	352,	NULL,	NULL,	NULL,	1,	0),
(354,	1,	'Chateau 2 650825',	'chateau-2-650825',	'',	1,	255.00,	NULL,	'2011-08-10 16:28:54',	'2011-08-02 12:07:33',	353,	'visualisation-images/650825-1312279653.jpg',	0.53,	10.05,	1,	0),
(355,	1,	'Chateau 2 650627',	'chateau-2-650627',	'',	1,	255.00,	NULL,	'2011-08-10 16:28:54',	'2011-08-02 12:12:37',	354,	NULL,	NULL,	NULL,	1,	0),
(356,	1,	'Chateau 2 650511',	'chateau-2-650511',	'',	1,	170.00,	NULL,	'2011-08-10 16:28:54',	'2011-08-02 12:16:54',	355,	NULL,	NULL,	NULL,	1,	0),
(357,	1,	'Chateau 2 650412',	'chateau-2-650412',	'',	1,	255.00,	NULL,	'2011-08-10 16:28:54',	'2011-08-02 12:20:29',	356,	NULL,	NULL,	NULL,	1,	0),
(358,	1,	'Chateau 2 650610',	'chateau-2-650610',	'',	1,	255.00,	NULL,	'2011-08-10 16:28:54',	'2011-08-02 12:25:23',	357,	NULL,	NULL,	NULL,	1,	0),
(359,	1,	'Chateau 2 650535',	'chateau-2-650535',	'',	1,	170.00,	NULL,	'2011-08-10 16:28:54',	'2011-08-02 12:27:47',	358,	NULL,	NULL,	NULL,	1,	0),
(360,	1,	'Chateau 2 650436',	'chateau-2-650436',	'',	1,	255.00,	NULL,	'2011-08-10 16:28:54',	'2011-08-02 12:32:02',	359,	NULL,	NULL,	NULL,	1,	0),
(361,	1,	'Chateau 2 650832',	'chateau-2-650832',	'',	1,	255.00,	NULL,	'2011-08-10 16:28:54',	'2011-08-02 12:36:18',	360,	NULL,	NULL,	NULL,	1,	0),
(362,	1,	'Chateau 2 650634',	'chateau-2-650634',	'',	1,	255.00,	NULL,	'2011-08-10 16:28:54',	'2011-08-02 12:38:46',	361,	NULL,	NULL,	NULL,	1,	0),
(363,	1,	'Chateau 2 650542',	'chateau-2-650542',	'',	1,	170.00,	NULL,	'2011-08-10 16:28:54',	'2011-08-02 15:18:09',	362,	NULL,	NULL,	NULL,	1,	0),
(364,	1,	'Chateau 2 650443',	'chateau-2-650443',	'',	1,	255.00,	NULL,	'2011-08-10 16:28:54',	'2011-08-02 15:56:02',	363,	NULL,	NULL,	NULL,	1,	0),
(365,	1,	'Chateau 2 650849',	'chateau-2-650849',	'',	1,	255.00,	NULL,	'2011-08-10 16:28:54',	'2011-08-02 15:58:53',	364,	NULL,	NULL,	NULL,	1,	0),
(366,	1,	'Chateau 2 650641',	'chateau-2-650641',	'',	1,	255.00,	NULL,	'2011-08-10 16:28:54',	'2011-08-02 16:01:35',	365,	NULL,	NULL,	NULL,	1,	0),
(367,	1,	'Chateau 2 649744',	'chateau-2-649744',	'',	1,	170.00,	NULL,	'2011-08-10 16:28:54',	'2011-08-02 16:04:33',	366,	NULL,	NULL,	NULL,	1,	0),
(368,	1,	'Chateau 2 649645',	'chateau-2-649645',	'',	1,	255.00,	NULL,	'2011-08-10 16:28:54',	'2011-08-02 16:07:59',	367,	NULL,	NULL,	NULL,	1,	0),
(369,	1,	'Chateau 2 649843',	'chateau-2-649843',	'',	1,	255.00,	NULL,	'2011-08-10 16:28:54',	'2011-08-02 16:10:31',	368,	NULL,	NULL,	NULL,	1,	0),
(370,	1,	'Chateau 2 649942',	'chateau-2-649942',	'',	1,	243.00,	NULL,	'2011-08-10 16:28:54',	'2011-08-02 16:13:57',	369,	NULL,	NULL,	NULL,	1,	0),
(371,	1,	'Chateau 2 649959',	'chateau-2-649959',	'',	1,	243.00,	NULL,	'2011-08-10 16:28:54',	'2011-08-02 16:16:59',	370,	NULL,	NULL,	NULL,	1,	0),
(372,	1,	'Chateau 2 649713',	'chateau-2-649713',	'',	1,	170.00,	NULL,	'2011-08-10 16:28:54',	'2011-08-03 21:36:36',	371,	NULL,	NULL,	NULL,	1,	0),
(373,	1,	'Chateau 2 649614',	'chateau-2-649614',	'',	1,	255.00,	NULL,	'2011-08-10 16:28:54',	'2011-08-03 21:39:39',	372,	NULL,	NULL,	NULL,	1,	0),
(374,	1,	'Chateau 2 649911',	'chateau-2-649911',	'',	1,	243.00,	NULL,	'2011-08-10 16:28:54',	'2011-08-03 21:43:49',	373,	NULL,	NULL,	NULL,	1,	0),
(375,	1,	'Chateau 2 649720',	'chateau-2-649720',	'',	1,	170.00,	NULL,	'2011-08-10 16:28:54',	'2011-08-03 21:46:28',	374,	NULL,	NULL,	NULL,	1,	0),
(376,	1,	'Chateau 2 649621',	'chateau-2-649621',	'',	1,	255.00,	NULL,	'2011-08-10 16:28:54',	'2011-08-03 21:50:15',	375,	NULL,	NULL,	NULL,	1,	0),
(377,	1,	'Chateau 2 649829',	'chateau-2-649829',	'',	1,	255.00,	NULL,	'2011-08-10 16:28:54',	'2011-08-03 21:55:10',	376,	NULL,	NULL,	NULL,	1,	0),
(378,	1,	'Chateau 2 649935',	'chateau-2-649935',	'',	1,	243.00,	NULL,	'2011-08-10 16:28:54',	'2011-08-03 21:59:21',	377,	NULL,	NULL,	NULL,	1,	0),
(379,	1,	'Chateau 2 649737',	'chateau-2-649737',	'',	1,	170.00,	NULL,	'2011-08-10 16:28:54',	'2011-08-03 22:02:18',	378,	NULL,	NULL,	NULL,	1,	0),
(380,	1,	'Chateau 2 649638',	'chateau-2-649638',	'',	1,	255.00,	NULL,	'2011-08-10 16:28:54',	'2011-08-03 22:07:23',	379,	NULL,	NULL,	NULL,	1,	0),
(381,	1,	'Chateau 2 649836',	'chateau-2-649836',	'',	1,	255.00,	NULL,	'2011-08-10 16:28:54',	'2011-08-03 22:12:50',	380,	NULL,	NULL,	NULL,	1,	0),
(382,	1,	'Chateau 2 649751',	'chateau-2-649751',	'',	1,	170.00,	NULL,	'2011-08-10 16:28:54',	'2011-08-03 22:17:28',	381,	NULL,	NULL,	NULL,	1,	0),
(383,	1,	'Chateau 2 649966',	'chateau-2-649966',	'',	1,	243.00,	NULL,	'2011-08-10 16:28:54',	'2011-08-03 22:22:38',	382,	NULL,	NULL,	NULL,	1,	0),
(384,	1,	'Chateau 2 642219',	'chateau-2-642219',	'',	1,	170.00,	NULL,	'2011-08-10 16:28:54',	'2011-08-05 13:02:40',	383,	NULL,	NULL,	NULL,	1,	0),
(385,	1,	'Chateau 2 642318',	'chateau-2-642318',	'',	1,	255.00,	NULL,	'2011-08-10 16:28:54',	'2011-08-05 13:06:31',	384,	NULL,	NULL,	NULL,	1,	0),
(386,	1,	'Chateau 2 642417',	'chateau-2-642417',	'',	1,	243.00,	NULL,	'2011-08-10 16:28:54',	'2011-08-05 13:13:32',	385,	NULL,	NULL,	NULL,	1,	0),
(387,	1,	'Chateau 2 642455',	'chateau-2-642455',	'',	1,	243.00,	NULL,	'2011-08-10 16:28:54',	'2011-08-05 13:21:15',	386,	NULL,	NULL,	NULL,	1,	0),
(388,	1,	'Chateau 2 642226',	'chateau-2-642226',	'',	1,	170.00,	NULL,	'2011-08-10 16:28:54',	'2011-08-05 13:24:01',	387,	NULL,	NULL,	NULL,	1,	0),
(389,	1,	'Chateau 2 642424',	'chateau-2-642424',	'',	1,	243.00,	NULL,	'2011-08-10 16:28:54',	'2011-08-05 13:29:08',	388,	NULL,	NULL,	NULL,	1,	0),
(390,	1,	'Chateau 2 642462',	'chateau-2-642462',	'',	1,	243.00,	NULL,	'2011-08-10 16:28:54',	'2011-08-05 13:32:17',	389,	NULL,	NULL,	NULL,	1,	0),
(391,	1,	'Chateau 2 642240',	'chateau-2-642240',	'',	1,	170.00,	NULL,	'2011-08-10 16:28:54',	'2011-08-05 13:35:50',	390,	NULL,	NULL,	NULL,	1,	0),
(392,	1,	'Chateau 2 642349',	'chateau-2-642349',	'',	1,	255.00,	NULL,	'2011-08-10 16:28:54',	'2011-08-05 13:40:34',	391,	NULL,	NULL,	NULL,	1,	0),
(393,	1,	'Chateau 2 642486',	'chateau-2-642486',	'',	1,	243.00,	NULL,	'2011-08-10 16:28:54',	'2011-08-05 13:45:19',	392,	NULL,	NULL,	NULL,	1,	0),
(394,	1,	'Chateau 2 642233',	'chateau-2-642233',	'',	1,	170.00,	NULL,	'2011-08-10 16:28:54',	'2011-08-05 13:49:49',	393,	NULL,	NULL,	NULL,	1,	0),
(395,	1,	'Chateau 2 642431',	'chateau-2-642431',	'',	1,	243.00,	NULL,	'2011-08-10 16:28:54',	'2011-08-05 13:52:12',	394,	NULL,	NULL,	NULL,	1,	0),
(396,	1,	'Chateau 2 642479',	'chateau-2-642479',	'',	1,	243.00,	NULL,	'2011-08-10 16:28:54',	'2011-08-05 13:55:10',	395,	NULL,	NULL,	NULL,	1,	0),
(397,	1,	'Chateau 2 733467',	'chateau-2-733467',	'',	1,	170.00,	NULL,	'2011-08-10 16:28:54',	'2011-08-05 13:58:57',	396,	NULL,	NULL,	NULL,	1,	0),
(398,	1,	'Chateau 2 733566',	'chateau-2-733566',	'',	1,	255.00,	NULL,	'2011-08-10 16:28:54',	'2011-08-05 14:02:29',	397,	NULL,	NULL,	NULL,	1,	0),
(399,	1,	'Chateau 2 733665',	'chateau-2-733665',	'',	1,	255.00,	NULL,	'2011-08-10 16:28:54',	'2011-08-05 14:05:36',	398,	NULL,	NULL,	NULL,	1,	0),
(400,	1,	'Chateau 2 733474',	'chateau-2-733474',	'',	1,	170.00,	NULL,	'2011-08-18 15:53:49',	'2011-08-12 11:07:25',	399,	NULL,	NULL,	NULL,	1,	0),
(401,	1,	'Chateau 2 733672',	'chateau-2-733672',	'',	1,	255.00,	NULL,	'2011-08-18 15:53:49',	'2011-08-12 11:13:14',	400,	NULL,	NULL,	NULL,	1,	0),
(402,	1,	'Chateau 2 733450',	'chateau-2-733450',	'',	1,	153.00,	NULL,	'2011-08-18 15:53:49',	'2011-08-12 11:17:33',	401,	NULL,	NULL,	NULL,	1,	0),
(403,	1,	'Chateau 2 733559',	'chateau-2-733559',	'',	1,	238.00,	NULL,	'2011-08-18 15:53:49',	'2011-08-12 11:20:27',	402,	NULL,	NULL,	NULL,	1,	0),
(404,	1,	'Chateau 2 733658',	'chateau-2-733658',	'',	1,	238.00,	NULL,	'2011-08-18 15:53:49',	'2011-08-12 11:23:49',	403,	NULL,	NULL,	NULL,	1,	0),
(406,	1,	'Yoga 660039',	'yoga-660039',	'',	1,	0.00,	NULL,	'2011-08-18 16:10:10',	'2011-08-18 14:40:10',	405,	'visualisation-images/660039-1313676610.jpg',	10.05,	0.53,	1,	0),
(407,	1,	'Poker 589132',	'poker-589132',	'',	1,	0.00,	NULL,	'2011-08-18 16:02:49',	'2011-08-18 14:52:26',	406,	'visualisation-images/589132-1313676169.jpg',	10.05,	0.53,	1,	0),
(408,	1,	'Yoga 635198',	'yoga-635198',	'',	1,	0.00,	NULL,	'2011-08-18 15:53:49',	'2011-08-18 15:08:36',	407,	NULL,	NULL,	NULL,	1,	0),
(409,	1,	'Avenzio II 597632',	'avenzio-ii-597632',	'',	1,	0.00,	NULL,	'2011-08-18 15:43:05',	'2011-08-18 15:43:04',	408,	'visualisation-images/597632-1313674985.jpg',	10.05,	0.53,	1,	0),
(410,	1,	'Avenzio II 597724',	'avenzio-ii-597724',	'',	1,	0.00,	NULL,	'2011-08-18 16:00:15',	'2011-08-18 15:43:04',	409,	'visualisation-images/597724-1313676014.jpg',	10.05,	0.53,	1,	0),
(411,	1,	'Poker 588265',	'poker-588265',	'',	1,	0.00,	NULL,	'2011-08-18 16:05:57',	'2011-08-18 16:05:56',	410,	'visualisation-images/588265-1313676357.jpg',	10.05,	0.53,	1,	0),
(412,	1,	'Yoga 660022',	'yoga-660022',	'',	1,	0.00,	NULL,	'2011-08-18 16:33:32',	'2011-08-18 16:33:32',	411,	'visualisation-images/660022-1313678012.jpg',	10.05,	0.53,	1,	0),
(413,	1,	'Yoga 635174',	'yoga-635174',	'',	1,	0.00,	NULL,	'2011-08-18 16:38:34',	'2011-08-18 16:38:34',	412,	'visualisation-images/635174-1313678314.jpg',	10.05,	0.53,	1,	0),
(414,	1,	'Yoga 637253',	'yoga-637253',	'',	1,	0.00,	NULL,	'2011-08-18 16:43:16',	'2011-08-18 16:43:16',	413,	'visualisation-images/637253-1313678596.jpg',	10.05,	0.53,	1,	0),
(415,	1,	'Yoga 635235',	'yoga-635235',	'',	1,	0.00,	NULL,	'2011-08-18 16:48:38',	'2011-08-18 16:48:38',	414,	'visualisation-images/635235-1313678918.jpg',	10.05,	0.53,	1,	0),
(416,	1,	'Poker 588821',	'poker-588821',	'',	1,	0.00,	NULL,	'2011-08-18 16:53:46',	'2011-08-18 16:53:45',	415,	'visualisation-images/588821-1313679226.jpg',	10.05,	0.53,	1,	0),
(417,	1,	'Yoga 634924',	'yoga-634924',	'',	1,	0.00,	NULL,	'2011-08-22 13:43:09',	'2011-08-22 13:43:09',	416,	NULL,	NULL,	NULL,	1,	0),
(418,	1,	'Yoga 635167',	'yoga-635167',	'',	1,	0.00,	NULL,	'2011-08-22 13:46:27',	'2011-08-22 13:46:27',	417,	'visualisation-images/635167-1314013587.jpg',	10.05,	0.53,	1,	0),
(419,	1,	'Yoga 635136',	'yoga-635136',	'',	1,	0.00,	NULL,	'2011-08-22 14:10:34',	'2011-08-22 14:10:34',	418,	'visualisation-images/635136-1314015034.jpg',	10.05,	0.53,	1,	0),
(420,	1,	'Yoga 634979',	'yoga-634979',	'',	1,	0.00,	NULL,	'2011-08-22 14:13:32',	'2011-08-22 14:13:32',	419,	NULL,	NULL,	NULL,	1,	0);

DROP TABLE IF EXISTS `productPhoto`;
CREATE TABLE `productPhoto` (
  `id` int(11) NOT NULL auto_increment,
  `image_path` varchar(250) collate utf8_czech_ci NOT NULL COMMENT 'Cesta k obrázeku',
  `product_id` int(11) NOT NULL COMMENT 'Produkt',
  PRIMARY KEY  (`id`),
  UNIQUE KEY `image_path` (`image_path`),
  KEY `product_id` (`product_id`),
  CONSTRAINT `productPhoto_ibfk_2` FOREIGN KEY (`product_id`) REFERENCES `product` (`id`) ON DELETE CASCADE ON UPDATE CASCADE
) ENGINE=InnoDB DEFAULT CHARSET=utf8 COLLATE=utf8_czech_ci COMMENT='Produktový obrázek';

INSERT INTO `productPhoto` (`id`, `image_path`, `product_id`) VALUES
(1,	'product-photo/6671-37.jpg',	2),
(3,	'product-photo/623713-zmensene.jpg',	3),
(4,	'product-photo/108616.jpg',	4),
(5,	'product-photo/179548.jpg',	5),
(6,	'product-photo/683816.jpg',	6),
(7,	'product-photo/678027.jpg',	7),
(8,	'product-photo/115348.jpg',	8),
(9,	'product-photo/6687-21.jpg',	9),
(10,	'product-photo/680235.jpg',	10),
(11,	'product-photo/6689-29.jpg',	11),
(12,	'product-photo/AS_CONTZEN_II_0913821.jpeg',	11),
(13,	'product-photo/623737.jpg',	12),
(14,	'product-photo/624017.jpg',	13),
(15,	'product-photo/623744.jpg',	14),
(16,	'product-photo/623218.jpg',	15),
(17,	'product-photo/623812.jpg',	16),
(20,	'product-photo/580214-1310040499.jpg',	22),
(21,	'product-photo/580276-1310043018.jpg',	23),
(22,	'product-photo/580238-1310043340.jpg',	24),
(23,	'product-photo/580733-1310044152.jpg',	26),
(24,	'product-photo/580436-1310044272.jpg',	25),
(26,	'product-photo/580221-1310047120.jpg',	27),
(27,	'product-photo/580252-1310047545.jpg',	28),
(28,	'product-photo/580757-1310048133.jpg',	29),
(29,	'product-photo/580245-1310048397.jpg',	30),
(30,	'product-photo/580269-1310048629.jpg',	31),
(31,	'product-photo/580771-1310048799.jpg',	32),
(32,	'product-photo/569127-1310108011.jpg',	33),
(33,	'product-photo/569226-1310108153.jpg',	34),
(34,	'product-photo/570420-1310108342.jpg',	35),
(35,	'product-photo/570413-1310108544.jpg',	36),
(36,	'product-photo/569240-1310110150.jpg',	37),
(37,	'product-photo/569141-1310110290.jpg',	38),
(38,	'product-photo/570444-1310110390.jpg',	39),
(39,	'product-photo/570468-1310110479.jpg',	40),
(40,	'product-photo/570451-1310110581.jpg',	41),
(41,	'product-photo/570437-1310110685.jpg',	42),
(42,	'product-photo/569028-1310110848.jpg',	43),
(43,	'product-photo/568922-1310111096.jpg',	44),
(44,	'product-photo/568915-1310111401.jpg',	45),
(45,	'product-photo/569011-1310111700.jpg',	46),
(46,	'product-photo/542113-1310112190.jpg',	47),
(47,	'product-photo/568939-1310112352.jpg',	48),
(48,	'product-photo/569042-1310112437.jpg',	49),
(49,	'product-photo/571618-1310112570.jpg',	50),
(50,	'product-photo/572219-1310112726.jpg',	51),
(51,	'product-photo/573216-1310112839.jpg',	52),
(52,	'product-photo/573285-1310112938.jpg',	53),
(53,	'product-photo/572233-1310113095.jpg',	54),
(54,	'product-photo/572264-1310113260.jpg',	55),
(55,	'product-photo/572257-1310113384.jpg',	56),
(56,	'product-photo/573254-1310113470.jpg',	57),
(57,	'product-photo/571663-1310113597.jpg',	58),
(58,	'product-photo/573292-1310113701.jpg',	59),
(59,	'product-photo/224927-1310127124.jpg',	60),
(60,	'product-photo/224934-1310127494.jpg',	61),
(61,	'product-photo/143532-1310127635.jpg',	62),
(62,	'product-photo/206589-1310127789.jpg',	63),
(63,	'product-photo/206534-1310127938.jpg',	64),
(64,	'product-photo/143525-1310128074.jpg',	65),
(65,	'product-photo/224910-1310128463.jpg',	66),
(66,	'product-photo/206510-1310128590.jpg',	67),
(67,	'product-photo/143518-1310128753.jpg',	68),
(68,	'product-photo/224958-1310129673.jpg',	69),
(69,	'product-photo/224965-1310129945.jpg',	70),
(70,	'product-photo/175472-1310130076.jpg',	71),
(71,	'product-photo/206572-1310130644.jpg',	72),
(72,	'product-photo/224941-1310130851.jpg',	73),
(73,	'product-photo/175441-1310130963.jpg',	74),
(74,	'product-photo/175434-1310131107.jpg',	75),
(75,	'product-photo/179630-1310131742.jpg',	76),
(76,	'product-photo/215932-1310131872.jpg',	77),
(77,	'product-photo/215918-1310132001.jpg',	78),
(78,	'product-photo/179517-1310132168.jpg',	79),
(79,	'product-photo/179524-1310133024.jpg',	80),
(80,	'product-photo/179616-1310133169.jpg',	81),
(81,	'product-photo/179647-1310136833.jpg',	82),
(82,	'product-photo/179562-1310136996.jpg',	83),
(83,	'product-photo/179548-1310137157.jpg',	84),
(84,	'product-photo/179623-1310137293.jpg',	85),
(85,	'product-photo/965318-1310137453.jpg',	86),
(86,	'product-photo/965325-1310137577.jpg',	87),
(87,	'product-photo/114624-1310137757.jpg',	88),
(88,	'product-photo/114426-1310137901.jpg',	89),
(89,	'product-photo/114228-1310138121.jpg',	90),
(90,	'product-photo/589033-1310209463.jpg',	91),
(91,	'product-photo/583789-1310209671.jpg',	92),
(92,	'product-photo/583772-1310209802.jpg',	93),
(93,	'product-photo/583727-1310209924.jpg',	94),
(94,	'product-photo/114525-1310715452.jpg',	95),
(95,	'product-photo/706614-1310717831.jpg',	96),
(96,	'product-photo/706515-1310718165.jpg',	97),
(97,	'product-photo/706539-1310718516.jpg',	98),
(98,	'product-photo/706553-1310718638.jpg',	99),
(99,	'product-photo/706584-1310718779.jpg',	100),
(100,	'product-photo/706560-1310718883.jpg',	101),
(101,	'product-photo/706546-1310721311.jpg',	102),
(102,	'product-photo/706577-1310721799.jpg',	103),
(103,	'product-photo/706591-1310722081.jpg',	104),
(104,	'product-photo/706522-1310722379.jpg',	105),
(105,	'product-photo/122865-1310722961.jpg',	106),
(106,	'product-photo/122766-1310723537.jpg',	107),
(107,	'product-photo/122711-1310724026.jpg',	108),
(108,	'product-photo/122759-1310724395.jpg',	109),
(109,	'product-photo/122773-1310724607.jpg',	110),
(110,	'product-photo/131058-1311002870.jpg',	111),
(111,	'product-photo/131034-1311003170.jpg',	112),
(112,	'product-photo/131027-1311003406.jpg',	113),
(113,	'product-photo/131010-1311003572.jpg',	114),
(114,	'product-photo/114129-1311003989.jpg',	115),
(115,	'product-photo/589149-1311004250.jpg',	116),
(116,	'product-photo/635310-1311004712.jpg',	117),
(117,	'product-photo/636119-1311005076.jpg',	118),
(118,	'product-photo/636348-1311005314.jpg',	119),
(119,	'product-photo/636461-1311005610.jpg',	120),
(120,	'product-photo/636386-1311063643.jpg',	121),
(121,	'product-photo/636225-1311063831.jpg',	122),
(122,	'product-photo/637215-1311064009.jpg',	123),
(123,	'product-photo/636430-1311064197.jpg',	124),
(124,	'product-photo/682123-1311064546.jpg',	125),
(125,	'product-photo/682116-1311064716.jpg',	126),
(126,	'product-photo/114815-1311065071.jpg',	127),
(127,	'product-photo/114914-1311065462.jpg',	128),
(128,	'product-photo/115041-1311065666.jpg',	129),
(129,	'product-photo/115140-1311065848.jpg',	130),
(130,	'product-photo/115133-1311066214.jpg',	131),
(131,	'product-photo/551481-1311066534.jpg',	132),
(132,	'product-photo/551382-1311066750.jpg',	133),
(133,	'product-photo/152640-1311066999.jpg',	134),
(134,	'product-photo/179036-1311067503.jpg',	135),
(135,	'product-photo/206336-1311067711.jpg',	136),
(136,	'product-photo/143525-1311068157.jpg',	137),
(137,	'product-photo/211767-1311068394.jpg',	138),
(138,	'product-photo/211712-1311068628.jpg',	139),
(139,	'product-photo/181541-1311068873.jpg',	140),
(140,	'product-photo/206329-1311069105.jpg',	141),
(141,	'product-photo/211798-1311069294.jpg',	142),
(142,	'product-photo/174024-1311081094.jpg',	143),
(143,	'product-photo/174062-1311081204.jpg',	144),
(144,	'product-photo/174031-1311081329.jpg',	145),
(145,	'product-photo/128218-1311147237.jpg',	146),
(146,	'product-photo/128119-1311147405.jpg',	147),
(147,	'product-photo/128126-1311149877.jpg',	148),
(148,	'product-photo/122940-1311150223.jpg',	149),
(149,	'product-photo/123848-1311150401.jpg',	150),
(150,	'product-photo/123817-1311150565.jpg',	151),
(151,	'product-photo/213112-1311150971.jpg',	152),
(152,	'product-photo/213211-1311151156.jpg',	153),
(153,	'product-photo/213228-1311151348.jpg',	154),
(154,	'product-photo/213129-1311151573.jpg',	155),
(155,	'product-photo/567130-1311152311.jpg',	156),
(156,	'product-photo/551696-1311152552.jpg',	157),
(157,	'product-photo/551627-1311152729.jpg',	158),
(158,	'product-photo/129161-1311152954.jpg',	159),
(159,	'product-photo/129130-1311153060.jpg',	160),
(160,	'product-photo/129147-1311153446.jpg',	161),
(161,	'product-photo/129154-1311153782.jpg',	162),
(162,	'product-photo/217424-1311154056.jpg',	163),
(163,	'product-photo/217523-1311154250.jpg',	164),
(164,	'product-photo/217622-1311154425.jpg',	165),
(165,	'product-photo/217639-1311154635.jpg',	166),
(166,	'product-photo/217431-1311161410.jpg',	167),
(167,	'product-photo/217530-1311161543.jpg',	168),
(168,	'product-photo/217653-1311161699.jpg',	169),
(169,	'product-photo/217417-1311162266.jpg',	170),
(170,	'product-photo/217516-1311162464.jpg',	171),
(171,	'product-photo/217615-1311162619.jpg',	172),
(172,	'product-photo/217646-1311162751.jpg',	173),
(173,	'product-photo/595652-1311183346.jpg',	174),
(174,	'product-photo/526748-1311183498.jpg',	175),
(175,	'product-photo/179425-1311183684.jpg',	176),
(176,	'product-photo/179432-1311183940.jpg',	177),
(177,	'product-photo/595621-1311184247.jpg',	178),
(178,	'product-photo/526717-1311184406.jpg',	179),
(179,	'product-photo/179418-1311184547.jpg',	180),
(180,	'product-photo/179470-1311184655.jpg',	181),
(181,	'product-photo/179487-1311184776.jpg',	182),
(182,	'product-photo/106919-1311184971.jpg',	183),
(183,	'product-photo/169259-1311185383.jpg',	184),
(184,	'product-photo/123824-1311185568.jpg',	185),
(185,	'product-photo/152718-1311185749.jpg',	186),
(186,	'product-photo/152657-1311185865.jpg',	187),
(187,	'product-photo/152633-1311185981.jpg',	188),
(188,	'product-photo/562128-1311235088.jpg',	189),
(189,	'product-photo/562012-1311235275.jpg',	190),
(190,	'product-photo/169020-1311235466.jpg',	191),
(191,	'product-photo/207616-1311235997.jpg',	192),
(192,	'product-photo/130518-1311236839.jpg',	193),
(193,	'product-photo/130419-1311237025.jpg',	194),
(194,	'product-photo/130617-1311237200.jpg',	195),
(195,	'product-photo/130761-1311237539.jpg',	196),
(196,	'product-photo/130525-1311237745.jpg',	197),
(197,	'product-photo/130426-1311237892.jpg',	198),
(198,	'product-photo/130648-1311238065.jpg',	199),
(199,	'product-photo/130747-1311238373.jpg',	200),
(200,	'product-photo/130754-1311238515.jpg',	201),
(201,	'product-photo/130631-1311238725.jpg',	202),
(202,	'product-photo/130624-1311238887.jpg',	203),
(203,	'product-photo/130723-1311239062.jpg',	204),
(204,	'product-photo/130716-1311239278.jpg',	205),
(205,	'product-photo/130730-1311239517.jpg',	206),
(206,	'product-photo/131126-1311260492.jpg',	207),
(207,	'product-photo/130921-1311260789.jpg',	208),
(208,	'product-photo/131041-1311260992.jpg',	209),
(209,	'product-photo/130822-1311261485.jpg',	210),
(210,	'product-photo/131133-1311261631.jpg',	211),
(211,	'product-photo/130938-1311261794.jpg',	212),
(212,	'product-photo/130815-1311261962.jpg',	213),
(213,	'product-photo/131119-1311262181.jpg',	214),
(214,	'product-photo/130914-1311262337.jpg',	215),
(215,	'product-photo/130839-1311262760.jpg',	216),
(216,	'product-photo/677822-1311274986.jpg',	217),
(217,	'product-photo/677921-1311275125.jpg',	218),
(218,	'product-photo/677723-1311275842.jpg',	219),
(219,	'product-photo/677730-1311276028.jpg',	220),
(220,	'product-photo/677815-1311276256.jpg',	221),
(221,	'product-photo/677914-1311276397.jpg',	222),
(222,	'product-photo/678010-1311276563.jpg',	223),
(223,	'product-photo/677747-1311276769.jpg',	224),
(224,	'product-photo/677716-1311580631.jpg',	225),
(225,	'product-photo/677839-1311580940.jpg',	226),
(226,	'product-photo/677938-1311581189.jpg',	227),
(227,	'product-photo/678034-1311581404.jpg',	228),
(228,	'product-photo/130143-1311582166.jpg',	229),
(229,	'product-photo/130044-1311582307.jpg',	230),
(230,	'product-photo/130242-1311582492.jpg',	231),
(231,	'product-photo/130266-1311582690.jpg',	232),
(232,	'product-photo/130112-1311583085.jpg',	233),
(233,	'product-photo/130013-1311583541.jpg',	234),
(234,	'product-photo/130211-1311583749.jpg',	235),
(235,	'product-photo/130280-1311583946.jpg',	236),
(236,	'product-photo/130273-1311584238.jpg',	237),
(237,	'product-photo/130136-1311584563.jpg',	238),
(238,	'product-photo/130037-1311584690.jpg',	239),
(239,	'product-photo/130235-1311584900.jpg',	240),
(240,	'product-photo/130129-1311585187.jpg',	241),
(241,	'product-photo/130020-1311585308.jpg',	242),
(242,	'product-photo/130259-1311585476.jpg',	243),
(243,	'product-photo/130228-1311585718.jpg',	244),
(244,	'product-photo/677419-1311586057.jpg',	245),
(245,	'product-photo/677518-1311586267.jpg',	246),
(246,	'product-photo/677617-1311586506.jpg',	247),
(247,	'product-photo/677648-1311586640.jpg',	248),
(248,	'product-photo/677433-1311586826.jpg',	249),
(249,	'product-photo/677532-1311586970.jpg',	250),
(250,	'product-photo/677655-1311587129.jpg',	251),
(251,	'product-photo/677631-1311587270.jpg',	252),
(252,	'product-photo/677426-1311587428.jpg',	253),
(253,	'product-photo/677525-1311587629.jpg',	254),
(254,	'product-photo/677624-1311587991.jpg',	255),
(255,	'product-photo/226341-1311764801.jpg',	256),
(256,	'product-photo/226143-1311765071.jpg',	257),
(257,	'product-photo/226242-1311765305.jpg',	258),
(258,	'product-photo/226631-1311765533.jpg',	259),
(259,	'product-photo/226624-1311765726.jpg',	260),
(260,	'product-photo/226648-1311765882.jpg',	261),
(261,	'product-photo/226334-1311766150.jpg',	262),
(262,	'product-photo/226136-1311766306.jpg',	263),
(263,	'product-photo/226235-1311766453.jpg',	264),
(264,	'product-photo/226310-1311766615.jpg',	265),
(265,	'product-photo/226112-1311766761.jpg',	266),
(266,	'product-photo/226211-1311766952.jpg',	267),
(267,	'product-photo/226617-1311767205.jpg',	268),
(268,	'product-photo/226662-1311767380.jpg',	269),
(269,	'product-photo/226327-1311767708.png',	270),
(270,	'product-photo/226129-1311767919.jpg',	271),
(271,	'product-photo/226228-1311768118.jpg',	272),
(272,	'product-photo/226655-1311768330.jpg',	273),
(273,	'product-photo/226549-1311768501.jpg',	274),
(274,	'product-photo/226440-1311768845.jpg',	275),
(275,	'product-photo/226242-1311769098.jpg',	276),
(276,	'product-photo/226518-1311769268.jpg',	277),
(277,	'product-photo/226419-1311769442.jpg',	278),
(278,	'product-photo/226532-1311769662.jpg',	279),
(279,	'product-photo/226433-1311769859.jpg',	280),
(280,	'product-photo/226525-1311770090.jpg',	281),
(281,	'product-photo/226426-1311770300.jpg',	282),
(282,	'product-photo/115317-1311855502.jpg',	283),
(283,	'product-photo/129741-1311855696.jpg',	284),
(284,	'product-photo/129734-1311855911.jpg',	285),
(285,	'product-photo/129727-1311856120.jpg',	286),
(286,	'product-photo/115324-1311856451.jpg',	287),
(287,	'product-photo/129635-1311856677.jpg',	288),
(288,	'product-photo/129628-1311856941.jpg',	289),
(289,	'product-photo/129697-1311857620.jpg',	290),
(290,	'product-photo/129710-1311857786.jpg',	291),
(291,	'product-photo/115331-1311858030.jpg',	292),
(292,	'product-photo/129611-1311858247.jpg',	293),
(293,	'product-photo/129840-1311858477.jpg',	294),
(294,	'product-photo/129659-1311858638.jpg',	295),
(295,	'product-photo/129833-1311858802.jpg',	296),
(296,	'product-photo/129666-1311858962.jpg',	297),
(297,	'product-photo/129642-1311859184.jpg',	298),
(298,	'product-photo/129826-1311859382.jpg',	299),
(299,	'product-photo/129819-1311859605.jpg',	300),
(300,	'product-photo/129673-1311859774.jpg',	301),
(301,	'product-photo/129680-1311859959.jpg',	302),
(302,	'product-photo/129758-1311872278.jpg',	303),
(303,	'product-photo/129918-1311872463.jpg',	304),
(304,	'product-photo/129772-1311872710.jpg',	305),
(306,	'product-photo/129932-1311873147.jpg',	307),
(307,	'product-photo/129925-1311873341.jpg',	308),
(308,	'product-photo/129949-1311873549.jpg',	309),
(309,	'product-photo/130334-1311873775.jpg',	310),
(310,	'product-photo/130341-1311873951.jpg',	311),
(311,	'product-photo/129765-1311874121.jpg',	312),
(312,	'product-photo/130327-1311874303.jpg',	313),
(313,	'product-photo/130310-1311874494.jpg',	314),
(314,	'product-photo/116727-1311874787.jpg',	315),
(315,	'product-photo/116826-1311875016.jpg',	316),
(316,	'product-photo/116710-1311875199.jpg',	317),
(317,	'product-photo/116819-1311875742.jpg',	318),
(318,	'product-photo/115911-1311876180.jpg',	319),
(319,	'product-photo/115812-1311930037.jpg',	320),
(320,	'product-photo/116017-1311930395.jpg',	321),
(321,	'product-photo/115928-1311930567.jpg',	322),
(322,	'product-photo/115836-1311930773.jpg',	323),
(323,	'product-photo/641014-1312185576.jpg',	324),
(324,	'product-photo/640918-1312185868.jpg',	325),
(325,	'product-photo/641922-1312186051.jpg',	326),
(326,	'product-photo/642028-1312186288.jpg',	327),
(327,	'product-photo/733542-1312186490.jpg',	328),
(328,	'product-photo/642011-1312186880.jpg',	329),
(329,	'product-photo/641915-1312187474.jpg',	330),
(330,	'product-photo/642110-1312187776.jpg',	331),
(331,	'product-photo/648037-1312187916.jpg',	332),
(332,	'product-photo/648136-1312188095.jpg',	333),
(333,	'product-photo/648020-1312188292.jpg',	334),
(334,	'product-photo/648129-1312188480.jpg',	335),
(335,	'product-photo/648051-1312188726.jpg',	336),
(336,	'product-photo/648150-1312188922.jpg',	337),
(337,	'product-photo/648013-1312189246.jpg',	338),
(338,	'product-photo/648112-1312189436.jpg',	339),
(339,	'product-photo/648044-1312189636.jpg',	340),
(340,	'product-photo/648143-1312189927.jpg',	341),
(341,	'product-photo/650016-1312190441.jpg',	342),
(342,	'product-photo/650115-1312190665.jpg',	343),
(343,	'product-photo/650214-1312190864.jpg',	344),
(344,	'product-photo/650139-1312191172.jpg',	345),
(345,	'product-photo/650238-1312191377.jpg',	346),
(346,	'product-photo/650337-1312191639.jpg',	347),
(347,	'product-photo/650122-1312191909.jpg',	348),
(348,	'product-photo/650023-1312192184.jpg',	349),
(349,	'product-photo/650221-1312192391.jpg',	350),
(350,	'product-photo/650320-1312192597.jpg',	351),
(351,	'product-photo/650528-1312279124.jpg',	352),
(352,	'product-photo/650429-1312279393.jpg',	353),
(353,	'product-photo/650825-1312279653.jpg',	354),
(354,	'product-photo/650627-1312279957.jpg',	355),
(355,	'product-photo/650511-1312280214.jpg',	356),
(356,	'product-photo/650412-1312280429.jpg',	357),
(357,	'product-photo/650610-1312280723.jpg',	358),
(358,	'product-photo/650535-1312280867.jpg',	359),
(359,	'product-photo/650436-1312281122.jpg',	360),
(360,	'product-photo/650832-1312281378.jpg',	361),
(361,	'product-photo/650634-1312281526.jpg',	362),
(362,	'product-photo/650542-1312291089.jpg',	363),
(363,	'product-photo/650443-1312293362.jpg',	364),
(364,	'product-photo/650849-1312293533.jpg',	365),
(365,	'product-photo/650641-1312293695.jpg',	366),
(366,	'product-photo/649744-1312293873.jpg',	367),
(367,	'product-photo/649645-1312294079.jpg',	368),
(368,	'product-photo/649843-1312294231.jpg',	369),
(369,	'product-photo/649942-1312294437.jpg',	370),
(370,	'product-photo/649959-1312294619.jpg',	371),
(371,	'product-photo/649713-1312400196.jpg',	372),
(372,	'product-photo/649614-1312400379.jpg',	373),
(373,	'product-photo/649911-1312400629.jpg',	374),
(374,	'product-photo/649720-1312400788.jpg',	375),
(375,	'product-photo/649621-1312401015.jpg',	376),
(376,	'product-photo/649829-1312401310.jpg',	377),
(377,	'product-photo/649935-1312401561.jpg',	378),
(378,	'product-photo/649737-1312401738.jpg',	379),
(379,	'product-photo/649638-1312402043.jpg',	380),
(380,	'product-photo/649836-1312402370.jpg',	381),
(381,	'product-photo/649751-1312402648.jpg',	382),
(382,	'product-photo/649966-1312402958.jpg',	383),
(383,	'product-photo/642219-1312542160.jpg',	384),
(384,	'product-photo/642318-1312542391.jpg',	385),
(385,	'product-photo/642417-1312542812.jpg',	386),
(386,	'product-photo/642455-1312543275.jpg',	387),
(387,	'product-photo/642226-1312543441.jpg',	388),
(388,	'product-photo/642424-1312543748.jpg',	389),
(389,	'product-photo/642462-1312543937.jpg',	390),
(390,	'product-photo/642240-1312544150.jpg',	391),
(391,	'product-photo/642349-1312544434.jpg',	392),
(392,	'product-photo/642486-1312544719.jpg',	393),
(393,	'product-photo/642233-1312544989.jpg',	394),
(394,	'product-photo/642431-1312545132.jpg',	395),
(395,	'product-photo/642479-1312545310.jpg',	396),
(396,	'product-photo/733467-1312545537.jpg',	397),
(397,	'product-photo/733566-1312545749.jpg',	398),
(398,	'product-photo/733665-1312545936.jpg',	399),
(399,	'product-photo/733474-1313140045.jpg',	400),
(400,	'product-photo/733672-1313140394.jpg',	401),
(401,	'product-photo/733450-1313140653.jpg',	402),
(402,	'product-photo/733559-1313140827.jpg',	403),
(403,	'product-photo/733658-1313141029.jpg',	404),
(405,	'product-photo/yoga-660039-1313671210.jpg',	406),
(406,	'product-photo/589132-1313671946.jpg',	407),
(407,	'product-photo/635198-1313672916.jpg',	408),
(408,	'product-photo/597632-1313674985.jpg',	409),
(409,	'product-photo/597724-1313675370.jpg',	410),
(410,	'product-photo/588265-1313676357.jpg',	411),
(411,	'product-photo/660022-1313678012.jpg',	412),
(412,	'product-photo/635174-1313678314.jpg',	413),
(413,	'product-photo/637253-1313678596.jpg',	414),
(414,	'product-photo/635235-1313678918.jpg',	415),
(415,	'product-photo/588821-1313679226.jpg',	416),
(416,	'product-photo/634924-1314013389.jpg',	417),
(417,	'product-photo/635167-1314013587.jpg',	418),
(418,	'product-photo/635136-1314015034.jpg',	419),
(419,	'product-photo/634979-1314015212.jpg',	420);

DROP TABLE IF EXISTS `productType`;
CREATE TABLE `productType` (
  `id` int(11) NOT NULL auto_increment,
  `name` varchar(150) collate utf8_czech_ci NOT NULL,
  `category_id` int(11) NOT NULL,
  PRIMARY KEY  (`id`),
  KEY `category_id` (`category_id`),
  CONSTRAINT `productType_ibfk_1` FOREIGN KEY (`category_id`) REFERENCES `category` (`id`)
) ENGINE=InnoDB DEFAULT CHARSET=utf8 COLLATE=utf8_czech_ci;


DROP TABLE IF EXISTS `product_tag`;
CREATE TABLE `product_tag` (
  `product_id` int(11) NOT NULL COMMENT 'Produkt',
  `tag_id` int(11) NOT NULL COMMENT 'Štítek',
  PRIMARY KEY  (`product_id`,`tag_id`),
  KEY `tag_id` (`tag_id`),
  KEY `product_id` (`product_id`),
  CONSTRAINT `product_tag_ibfk_1` FOREIGN KEY (`product_id`) REFERENCES `product` (`id`) ON DELETE CASCADE,
  CONSTRAINT `product_tag_ibfk_2` FOREIGN KEY (`tag_id`) REFERENCES `tag` (`id`) ON DELETE CASCADE
) ENGINE=InnoDB DEFAULT CHARSET=utf8 COLLATE=utf8_czech_ci COMMENT='Produkt štítek';

INSERT INTO `product_tag` (`product_id`, `tag_id`) VALUES
(2,	3),
(3,	3),
(5,	3),
(6,	3),
(7,	3),
(8,	3),
(9,	3),
(10,	3),
(11,	3),
(25,	3),
(26,	3),
(29,	3),
(32,	3),
(33,	3),
(34,	3),
(35,	3),
(36,	3),
(37,	3),
(38,	3),
(39,	3),
(40,	3),
(41,	3),
(42,	3),
(43,	3),
(46,	3),
(47,	3),
(48,	3),
(49,	3),
(50,	3),
(52,	3),
(53,	3),
(57,	3),
(58,	3),
(59,	3),
(60,	3),
(61,	3),
(62,	3),
(63,	3),
(64,	3),
(65,	3),
(66,	3),
(67,	3),
(68,	3),
(69,	3),
(70,	3),
(71,	3),
(72,	3),
(73,	3),
(74,	3),
(75,	3),
(76,	3),
(77,	3),
(78,	3),
(79,	3),
(80,	3),
(81,	3),
(82,	3),
(83,	3),
(84,	3),
(85,	3),
(86,	3),
(87,	3),
(88,	3),
(89,	3),
(91,	3),
(92,	3),
(93,	3),
(94,	3),
(95,	3),
(96,	3),
(97,	3),
(98,	3),
(99,	3),
(100,	3),
(101,	3),
(102,	3),
(103,	3),
(104,	3),
(105,	3),
(106,	3),
(107,	3),
(108,	3),
(109,	3),
(110,	3),
(111,	3),
(112,	3),
(113,	3),
(114,	3),
(115,	3),
(116,	3),
(118,	3),
(119,	3),
(120,	3),
(121,	3),
(122,	3),
(123,	3),
(124,	3),
(125,	3),
(126,	3),
(128,	3),
(129,	3),
(130,	3),
(131,	3),
(132,	3),
(133,	3),
(134,	3),
(135,	3),
(136,	3),
(137,	3),
(138,	3),
(139,	3),
(140,	3),
(141,	3),
(142,	3),
(143,	3),
(144,	3),
(145,	3),
(146,	3),
(147,	3),
(148,	3),
(149,	3),
(150,	3),
(151,	3),
(152,	3),
(153,	3),
(154,	3),
(155,	3),
(156,	3),
(157,	3),
(158,	3),
(159,	3),
(160,	3),
(161,	3),
(162,	3),
(163,	3),
(164,	3),
(165,	3),
(166,	3),
(167,	3),
(168,	3),
(169,	3),
(170,	3),
(171,	3),
(172,	3),
(173,	3),
(174,	3),
(175,	3),
(176,	3),
(177,	3),
(178,	3),
(179,	3),
(180,	3),
(181,	3),
(182,	3),
(183,	3),
(184,	3),
(185,	3),
(186,	3),
(187,	3),
(188,	3),
(189,	3),
(190,	3),
(191,	3),
(193,	3),
(194,	3),
(195,	3),
(196,	3),
(197,	3),
(198,	3),
(199,	3),
(200,	3),
(201,	3),
(202,	3),
(203,	3),
(204,	3),
(205,	3),
(206,	3),
(208,	3),
(209,	3),
(210,	3),
(212,	3),
(213,	3),
(215,	3),
(216,	3),
(217,	3),
(219,	3),
(220,	3),
(221,	3),
(223,	3),
(224,	3),
(225,	3),
(226,	3),
(228,	3),
(229,	3),
(231,	3),
(232,	3),
(233,	3),
(235,	3),
(236,	3),
(237,	3),
(238,	3),
(240,	3),
(241,	3),
(242,	3),
(243,	3),
(244,	3),
(245,	3),
(246,	3),
(247,	3),
(248,	3),
(249,	3),
(250,	3),
(251,	3),
(252,	3),
(253,	3),
(254,	3),
(255,	3),
(257,	3),
(258,	3),
(259,	3),
(260,	3),
(261,	3),
(263,	3),
(264,	3),
(266,	3),
(267,	3),
(268,	3),
(269,	3),
(271,	3),
(272,	3),
(273,	3),
(275,	3),
(276,	3),
(278,	3),
(279,	3),
(280,	3),
(282,	3),
(283,	3),
(284,	3),
(285,	3),
(286,	3),
(287,	3),
(288,	3),
(289,	3),
(290,	3),
(291,	3),
(292,	3),
(293,	3),
(294,	3),
(295,	3),
(296,	3),
(297,	3),
(298,	3),
(299,	3),
(300,	3),
(301,	3),
(302,	3),
(303,	3),
(304,	3),
(305,	3),
(307,	3),
(308,	3),
(309,	3),
(310,	3),
(311,	3),
(312,	3),
(313,	3),
(314,	3),
(315,	3),
(316,	3),
(317,	3),
(318,	3),
(319,	3),
(320,	3),
(321,	3),
(322,	3),
(323,	3),
(324,	3),
(325,	3),
(327,	3),
(328,	3),
(329,	3),
(331,	3),
(332,	3),
(333,	3),
(334,	3),
(335,	3),
(336,	3),
(337,	3),
(338,	3),
(339,	3),
(340,	3),
(341,	3),
(342,	3),
(343,	3),
(344,	3),
(346,	3),
(347,	3),
(349,	3),
(350,	3),
(351,	3),
(353,	3),
(354,	3),
(355,	3),
(357,	3),
(358,	3),
(360,	3),
(361,	3),
(362,	3),
(364,	3),
(365,	3),
(366,	3),
(368,	3),
(369,	3),
(370,	3),
(371,	3),
(373,	3),
(374,	3),
(376,	3),
(377,	3),
(378,	3),
(380,	3),
(381,	3),
(383,	3),
(385,	3),
(386,	3),
(387,	3),
(388,	3),
(389,	3),
(390,	3),
(392,	3),
(393,	3),
(395,	3),
(396,	3),
(398,	3),
(399,	3),
(401,	3),
(403,	3),
(404,	3),
(406,	3),
(407,	3),
(408,	3),
(409,	3),
(410,	3),
(411,	3),
(412,	3),
(413,	3),
(414,	3),
(415,	3),
(416,	3),
(418,	3),
(419,	3),
(4,	4),
(22,	4),
(23,	4),
(24,	4),
(27,	4),
(28,	4),
(30,	4),
(31,	4),
(44,	4),
(45,	4),
(51,	4),
(54,	4),
(55,	4),
(56,	4),
(90,	4),
(117,	4),
(127,	4),
(207,	4),
(211,	4),
(214,	4),
(218,	4),
(222,	4),
(227,	4),
(230,	4),
(234,	4),
(239,	4),
(256,	4),
(262,	4),
(265,	4),
(270,	4),
(274,	4),
(277,	4),
(281,	4),
(326,	4),
(330,	4),
(345,	4),
(348,	4),
(352,	4),
(356,	4),
(359,	4),
(363,	4),
(367,	4),
(372,	4),
(375,	4),
(379,	4),
(382,	4),
(384,	4),
(391,	4),
(394,	4),
(397,	4),
(400,	4),
(402,	4),
(417,	4),
(420,	4),
(192,	6),
(96,	8),
(97,	8),
(98,	8),
(99,	8),
(100,	8),
(101,	8),
(102,	8),
(103,	8),
(104,	8),
(105,	8),
(2,	9),
(3,	9),
(5,	9),
(8,	9),
(9,	9),
(11,	9),
(12,	9),
(13,	9),
(14,	9),
(15,	9),
(16,	9),
(22,	9),
(23,	9),
(24,	9),
(25,	9),
(26,	9),
(27,	9),
(28,	9),
(29,	9),
(30,	9),
(31,	9),
(32,	9),
(60,	9),
(61,	9),
(62,	9),
(63,	9),
(64,	9),
(65,	9),
(66,	9),
(67,	9),
(68,	9),
(69,	9),
(70,	9),
(71,	9),
(72,	9),
(73,	9),
(74,	9),
(75,	9),
(76,	9),
(77,	9),
(78,	9),
(79,	9),
(80,	9),
(81,	9),
(82,	9),
(83,	9),
(84,	9),
(85,	9),
(86,	9),
(87,	9),
(88,	9),
(89,	9),
(90,	9),
(91,	9),
(92,	9),
(93,	9),
(94,	9),
(95,	9),
(96,	9),
(97,	9),
(98,	9),
(99,	9),
(100,	9),
(101,	9),
(102,	9),
(103,	9),
(104,	9),
(105,	9),
(106,	9),
(107,	9),
(108,	9),
(109,	9),
(110,	9),
(111,	9),
(112,	9),
(113,	9),
(114,	9),
(115,	9),
(116,	9),
(117,	9),
(118,	9),
(119,	9),
(120,	9),
(121,	9),
(122,	9),
(123,	9),
(124,	9),
(125,	9),
(126,	9),
(127,	9),
(128,	9),
(129,	9),
(130,	9),
(131,	9),
(132,	9),
(133,	9),
(134,	9),
(135,	9),
(136,	9),
(137,	9),
(138,	9),
(139,	9),
(140,	9),
(141,	9),
(142,	9),
(143,	9),
(144,	9),
(145,	9),
(146,	9),
(147,	9),
(148,	9),
(149,	9),
(150,	9),
(151,	9),
(152,	9),
(153,	9),
(154,	9),
(155,	9),
(156,	9),
(157,	9),
(158,	9),
(159,	9),
(160,	9),
(161,	9),
(162,	9),
(163,	9),
(164,	9),
(165,	9),
(166,	9),
(167,	9),
(168,	9),
(169,	9),
(170,	9),
(171,	9),
(172,	9),
(173,	9),
(174,	9),
(175,	9),
(176,	9),
(177,	9),
(178,	9),
(179,	9),
(180,	9),
(181,	9),
(182,	9),
(183,	9),
(184,	9),
(185,	9),
(186,	9),
(187,	9),
(188,	9),
(189,	9),
(190,	9),
(191,	9),
(192,	9),
(207,	9),
(208,	9),
(209,	9),
(210,	9),
(211,	9),
(212,	9),
(213,	9),
(214,	9),
(215,	9),
(216,	9),
(229,	9),
(230,	9),
(231,	9),
(232,	9),
(233,	9),
(234,	9),
(235,	9),
(236,	9),
(237,	9),
(238,	9),
(239,	9),
(240,	9),
(241,	9),
(242,	9),
(243,	9),
(244,	9),
(256,	9),
(257,	9),
(258,	9),
(259,	9),
(260,	9),
(261,	9),
(262,	9),
(263,	9),
(264,	9),
(265,	9),
(266,	9),
(267,	9),
(268,	9),
(269,	9),
(270,	9),
(271,	9),
(272,	9),
(273,	9),
(274,	9),
(275,	9),
(276,	9),
(277,	9),
(278,	9),
(279,	9),
(280,	9),
(281,	9),
(282,	9),
(283,	9),
(284,	9),
(285,	9),
(286,	9),
(287,	9),
(288,	9),
(289,	9),
(290,	9),
(291,	9),
(292,	9),
(293,	9),
(294,	9),
(295,	9),
(296,	9),
(297,	9),
(298,	9),
(299,	9),
(300,	9),
(301,	9),
(302,	9),
(303,	9),
(304,	9),
(305,	9),
(307,	9),
(308,	9),
(309,	9),
(310,	9),
(311,	9),
(312,	9),
(313,	9),
(314,	9),
(315,	9),
(316,	9),
(317,	9),
(318,	9),
(319,	9),
(320,	9),
(321,	9),
(322,	9),
(323,	9),
(406,	9),
(407,	9),
(408,	9),
(409,	9),
(410,	9),
(411,	9),
(412,	9),
(413,	9),
(414,	9),
(415,	9),
(416,	9),
(417,	9),
(418,	9),
(419,	9),
(420,	9),
(2,	10),
(3,	10),
(5,	10),
(6,	10),
(7,	10),
(8,	10),
(9,	10),
(10,	10),
(12,	10),
(13,	10),
(14,	10),
(15,	10),
(16,	10),
(22,	10),
(23,	10),
(24,	10),
(25,	10),
(26,	10),
(27,	10),
(28,	10),
(29,	10),
(30,	10),
(31,	10),
(32,	10),
(33,	10),
(34,	10),
(35,	10),
(36,	10),
(37,	10),
(38,	10),
(39,	10),
(40,	10),
(41,	10),
(42,	10),
(43,	10),
(44,	10),
(45,	10),
(46,	10),
(47,	10),
(48,	10),
(49,	10),
(50,	10),
(51,	10),
(52,	10),
(53,	10),
(54,	10),
(55,	10),
(56,	10),
(57,	10),
(58,	10),
(59,	10),
(60,	10),
(61,	10),
(62,	10),
(63,	10),
(64,	10),
(65,	10),
(66,	10),
(67,	10),
(68,	10),
(69,	10),
(70,	10),
(71,	10),
(72,	10),
(73,	10),
(74,	10),
(75,	10),
(76,	10),
(77,	10),
(78,	10),
(79,	10),
(80,	10),
(81,	10),
(82,	10),
(83,	10),
(84,	10),
(85,	10),
(86,	10),
(87,	10),
(88,	10),
(89,	10),
(90,	10),
(91,	10),
(92,	10),
(93,	10),
(94,	10),
(95,	10),
(96,	10),
(97,	10),
(98,	10),
(99,	10),
(100,	10),
(101,	10),
(102,	10),
(103,	10),
(104,	10),
(105,	10),
(106,	10),
(107,	10),
(108,	10),
(109,	10),
(110,	10),
(111,	10),
(112,	10),
(113,	10),
(114,	10),
(115,	10),
(116,	10),
(117,	10),
(118,	10),
(119,	10),
(120,	10),
(121,	10),
(122,	10),
(123,	10),
(124,	10),
(125,	10),
(126,	10),
(127,	10),
(128,	10),
(129,	10),
(130,	10),
(131,	10),
(132,	10),
(133,	10),
(134,	10),
(135,	10),
(136,	10),
(137,	10),
(138,	10),
(139,	10),
(140,	10),
(141,	10),
(142,	10),
(143,	10),
(144,	10),
(145,	10),
(146,	10),
(147,	10),
(148,	10),
(149,	10),
(150,	10),
(151,	10),
(153,	10),
(154,	10),
(156,	10),
(157,	10),
(158,	10),
(159,	10),
(160,	10),
(161,	10),
(162,	10),
(163,	10),
(164,	10),
(165,	10),
(166,	10),
(167,	10),
(168,	10),
(169,	10),
(170,	10),
(171,	10),
(172,	10),
(173,	10),
(174,	10),
(175,	10),
(176,	10),
(177,	10),
(178,	10),
(179,	10),
(180,	10),
(181,	10),
(182,	10),
(183,	10),
(184,	10),
(185,	10),
(186,	10),
(187,	10),
(188,	10),
(189,	10),
(190,	10),
(191,	10),
(192,	10),
(193,	10),
(194,	10),
(195,	10),
(196,	10),
(197,	10),
(198,	10),
(199,	10),
(200,	10),
(201,	10),
(202,	10),
(203,	10),
(204,	10),
(205,	10),
(206,	10),
(207,	10),
(208,	10),
(209,	10),
(210,	10),
(211,	10),
(212,	10),
(213,	10),
(214,	10),
(215,	10),
(216,	10),
(217,	10),
(218,	10),
(219,	10),
(220,	10),
(221,	10),
(222,	10),
(223,	10),
(224,	10),
(225,	10),
(226,	10),
(227,	10),
(228,	10),
(229,	10),
(230,	10),
(231,	10),
(232,	10),
(233,	10),
(234,	10),
(235,	10),
(236,	10),
(237,	10),
(238,	10),
(239,	10),
(240,	10),
(241,	10),
(242,	10),
(243,	10),
(244,	10),
(245,	10),
(246,	10),
(247,	10),
(248,	10),
(249,	10),
(250,	10),
(251,	10),
(252,	10),
(253,	10),
(254,	10),
(255,	10),
(256,	10),
(257,	10),
(258,	10),
(259,	10),
(260,	10),
(261,	10),
(262,	10),
(263,	10),
(264,	10),
(265,	10),
(266,	10),
(267,	10),
(268,	10),
(269,	10),
(270,	10),
(271,	10),
(272,	10),
(273,	10),
(274,	10),
(275,	10),
(276,	10),
(277,	10),
(278,	10),
(279,	10),
(280,	10),
(281,	10),
(282,	10),
(283,	10),
(284,	10),
(285,	10),
(286,	10),
(287,	10),
(288,	10),
(289,	10),
(290,	10),
(291,	10),
(292,	10),
(293,	10),
(294,	10),
(295,	10),
(296,	10),
(297,	10),
(298,	10),
(299,	10),
(300,	10),
(301,	10),
(302,	10),
(303,	10),
(304,	10),
(305,	10),
(307,	10),
(308,	10),
(309,	10),
(310,	10),
(311,	10),
(312,	10),
(313,	10),
(314,	10),
(315,	10),
(316,	10),
(317,	10),
(318,	10),
(319,	10),
(320,	10),
(321,	10),
(322,	10),
(323,	10),
(324,	10),
(325,	10),
(326,	10),
(327,	10),
(328,	10),
(329,	10),
(330,	10),
(331,	10),
(332,	10),
(333,	10),
(334,	10),
(335,	10),
(336,	10),
(337,	10),
(338,	10),
(339,	10),
(340,	10),
(341,	10),
(342,	10),
(343,	10),
(344,	10),
(345,	10),
(346,	10),
(347,	10),
(348,	10),
(349,	10),
(350,	10),
(351,	10),
(352,	10),
(353,	10),
(354,	10),
(355,	10),
(356,	10),
(357,	10),
(358,	10),
(359,	10),
(360,	10),
(361,	10),
(362,	10),
(363,	10),
(364,	10),
(365,	10),
(366,	10),
(367,	10),
(368,	10),
(369,	10),
(370,	10),
(371,	10),
(372,	10),
(373,	10),
(374,	10),
(375,	10),
(376,	10),
(377,	10),
(378,	10),
(379,	10),
(380,	10),
(381,	10),
(382,	10),
(383,	10),
(384,	10),
(385,	10),
(386,	10),
(387,	10),
(388,	10),
(389,	10),
(390,	10),
(391,	10),
(392,	10),
(393,	10),
(394,	10),
(395,	10),
(396,	10),
(397,	10),
(398,	10),
(399,	10),
(400,	10),
(401,	10),
(402,	10),
(403,	10),
(404,	10),
(406,	10),
(407,	10),
(408,	10),
(409,	10),
(410,	10),
(411,	10),
(412,	10),
(413,	10),
(414,	10),
(415,	10),
(416,	10),
(417,	10),
(418,	10),
(419,	10),
(420,	10),
(6,	11),
(9,	11),
(11,	11),
(61,	11),
(63,	11),
(65,	11),
(66,	11),
(68,	11),
(69,	11),
(70,	11),
(72,	11),
(73,	11),
(100,	11),
(101,	11),
(110,	11),
(137,	11),
(143,	11),
(144,	11),
(145,	11),
(149,	11),
(151,	11),
(152,	11),
(153,	11),
(154,	11),
(155,	11),
(174,	11),
(178,	11),
(185,	11),
(245,	11),
(246,	11),
(247,	11),
(248,	11),
(249,	11),
(250,	11),
(251,	11),
(252,	11),
(253,	11),
(254,	11),
(255,	11),
(409,	11),
(410,	11),
(96,	12),
(97,	12),
(98,	12),
(99,	12),
(100,	12),
(101,	12),
(102,	12),
(103,	12),
(104,	12),
(105,	12),
(2,	13),
(3,	13),
(5,	13),
(6,	13),
(7,	13),
(8,	13),
(9,	13),
(10,	13),
(11,	13),
(12,	13),
(13,	13),
(14,	13),
(15,	13),
(16,	13),
(22,	13),
(23,	13),
(24,	13),
(25,	13),
(26,	13),
(27,	13),
(28,	13),
(29,	13),
(30,	13),
(31,	13),
(32,	13),
(33,	13),
(34,	13),
(35,	13),
(36,	13),
(37,	13),
(38,	13),
(39,	13),
(40,	13),
(41,	13),
(42,	13),
(43,	13),
(44,	13),
(45,	13),
(46,	13),
(47,	13),
(48,	13),
(49,	13),
(50,	13),
(51,	13),
(52,	13),
(53,	13),
(54,	13),
(55,	13),
(56,	13),
(57,	13),
(58,	13),
(59,	13),
(60,	13),
(61,	13),
(62,	13),
(63,	13),
(64,	13),
(65,	13),
(66,	13),
(67,	13),
(69,	13),
(70,	13),
(71,	13),
(72,	13),
(73,	13),
(74,	13),
(75,	13),
(76,	13),
(77,	13),
(78,	13),
(79,	13),
(80,	13),
(81,	13),
(82,	13),
(83,	13),
(84,	13),
(85,	13),
(86,	13),
(87,	13),
(88,	13),
(89,	13),
(90,	13),
(91,	13),
(92,	13),
(93,	13),
(94,	13),
(95,	13),
(96,	13),
(97,	13),
(98,	13),
(99,	13),
(100,	13),
(101,	13),
(102,	13),
(103,	13),
(104,	13),
(105,	13),
(106,	13),
(107,	13),
(108,	13),
(109,	13),
(110,	13),
(111,	13),
(112,	13),
(113,	13),
(114,	13),
(115,	13),
(116,	13),
(117,	13),
(118,	13),
(119,	13),
(120,	13),
(121,	13),
(122,	13),
(123,	13),
(124,	13),
(125,	13),
(126,	13),
(127,	13),
(128,	13),
(129,	13),
(130,	13),
(131,	13),
(132,	13),
(133,	13),
(134,	13),
(135,	13),
(136,	13),
(137,	13),
(138,	13),
(139,	13),
(140,	13),
(141,	13),
(142,	13),
(143,	13),
(144,	13),
(145,	13),
(146,	13),
(147,	13),
(148,	13),
(149,	13),
(150,	13),
(151,	13),
(153,	13),
(154,	13),
(156,	13),
(157,	13),
(158,	13),
(159,	13),
(160,	13),
(161,	13),
(162,	13),
(163,	13),
(164,	13),
(165,	13),
(166,	13),
(167,	13),
(168,	13),
(169,	13),
(170,	13),
(171,	13),
(172,	13),
(173,	13),
(174,	13),
(175,	13),
(176,	13),
(177,	13),
(178,	13),
(179,	13),
(180,	13),
(181,	13),
(182,	13),
(183,	13),
(184,	13),
(185,	13),
(186,	13),
(187,	13),
(188,	13),
(189,	13),
(190,	13),
(191,	13),
(192,	13),
(193,	13),
(194,	13),
(195,	13),
(196,	13),
(197,	13),
(198,	13),
(199,	13),
(200,	13),
(201,	13),
(202,	13),
(203,	13),
(204,	13),
(205,	13),
(206,	13),
(207,	13),
(208,	13),
(209,	13),
(210,	13),
(211,	13),
(212,	13),
(213,	13),
(214,	13),
(215,	13),
(216,	13),
(217,	13),
(218,	13),
(219,	13),
(220,	13),
(221,	13),
(222,	13),
(223,	13),
(224,	13),
(225,	13),
(226,	13),
(227,	13),
(228,	13),
(229,	13),
(230,	13),
(231,	13),
(232,	13),
(233,	13),
(234,	13),
(235,	13),
(236,	13),
(237,	13),
(238,	13),
(239,	13),
(240,	13),
(241,	13),
(242,	13),
(243,	13),
(244,	13),
(245,	13),
(246,	13),
(247,	13),
(248,	13),
(249,	13),
(250,	13),
(251,	13),
(252,	13),
(253,	13),
(254,	13),
(255,	13),
(256,	13),
(257,	13),
(258,	13),
(259,	13),
(260,	13),
(261,	13),
(262,	13),
(263,	13),
(264,	13),
(265,	13),
(266,	13),
(267,	13),
(268,	13),
(269,	13),
(270,	13),
(271,	13),
(272,	13),
(273,	13),
(274,	13),
(275,	13),
(276,	13),
(277,	13),
(278,	13),
(279,	13),
(280,	13),
(281,	13),
(282,	13),
(283,	13),
(284,	13),
(285,	13),
(286,	13),
(287,	13),
(288,	13),
(289,	13),
(290,	13),
(291,	13),
(292,	13),
(293,	13),
(294,	13),
(295,	13),
(296,	13),
(297,	13),
(298,	13),
(299,	13),
(300,	13),
(301,	13),
(302,	13),
(303,	13),
(304,	13),
(305,	13),
(307,	13),
(308,	13),
(309,	13),
(310,	13),
(311,	13),
(312,	13),
(313,	13),
(314,	13),
(315,	13),
(316,	13),
(317,	13),
(318,	13),
(319,	13),
(320,	13),
(321,	13),
(322,	13),
(323,	13),
(324,	13),
(325,	13),
(326,	13),
(327,	13),
(328,	13),
(329,	13),
(330,	13),
(331,	13),
(332,	13),
(333,	13),
(334,	13),
(335,	13),
(336,	13),
(337,	13),
(338,	13),
(339,	13),
(340,	13),
(341,	13),
(342,	13),
(343,	13),
(344,	13),
(345,	13),
(346,	13),
(347,	13),
(348,	13),
(349,	13),
(350,	13),
(351,	13),
(352,	13),
(353,	13),
(354,	13),
(355,	13),
(356,	13),
(357,	13),
(358,	13),
(359,	13),
(360,	13),
(361,	13),
(362,	13),
(363,	13),
(364,	13),
(365,	13),
(366,	13),
(367,	13),
(368,	13),
(369,	13),
(370,	13),
(371,	13),
(372,	13),
(373,	13),
(374,	13),
(375,	13),
(376,	13),
(377,	13),
(378,	13),
(379,	13),
(380,	13),
(381,	13),
(382,	13),
(383,	13),
(384,	13),
(385,	13),
(386,	13),
(387,	13),
(388,	13),
(389,	13),
(390,	13),
(391,	13),
(392,	13),
(393,	13),
(394,	13),
(395,	13),
(396,	13),
(397,	13),
(398,	13),
(399,	13),
(400,	13),
(401,	13),
(402,	13),
(403,	13),
(404,	13),
(406,	13),
(407,	13),
(408,	13),
(410,	13),
(411,	13),
(412,	13),
(413,	13),
(414,	13),
(415,	13),
(416,	13),
(417,	13),
(418,	13),
(419,	13),
(420,	13),
(5,	14),
(16,	14),
(27,	14),
(31,	14),
(32,	14),
(67,	14),
(75,	14),
(82,	14),
(83,	14),
(84,	14),
(85,	14),
(97,	14),
(98,	14),
(99,	14),
(100,	14),
(110,	14),
(122,	14),
(139,	14),
(163,	14),
(167,	14),
(168,	14),
(170,	14),
(171,	14),
(172,	14),
(174,	14),
(175,	14),
(177,	14),
(193,	14),
(194,	14),
(195,	14),
(224,	14),
(232,	14),
(247,	14),
(269,	14),
(294,	14),
(295,	14),
(308,	14),
(313,	14),
(324,	14),
(325,	14),
(406,	14),
(408,	14),
(415,	14),
(3,	15),
(6,	15),
(54,	15),
(60,	15),
(63,	15),
(66,	15),
(69,	15),
(70,	15),
(85,	15),
(100,	15),
(158,	15),
(186,	15),
(192,	15),
(229,	15),
(230,	15),
(283,	15),
(286,	15),
(308,	15),
(314,	15),
(317,	15),
(416,	15),
(4,	16),
(6,	16),
(38,	16),
(39,	16),
(44,	16),
(45,	16),
(46,	16),
(117,	16),
(152,	16),
(155,	16),
(163,	16),
(167,	16),
(170,	16),
(174,	16),
(178,	16),
(207,	16),
(208,	16),
(210,	16),
(211,	16),
(212,	16),
(213,	16),
(214,	16),
(215,	16),
(216,	16),
(310,	16),
(311,	16),
(313,	16),
(314,	16),
(315,	16),
(317,	16),
(319,	16),
(320,	16),
(322,	16),
(323,	16),
(326,	16),
(327,	16),
(329,	16),
(330,	16),
(3,	17),
(4,	17),
(8,	17),
(11,	17),
(12,	17),
(14,	17),
(16,	17),
(60,	17),
(61,	17),
(66,	17),
(69,	17),
(70,	17),
(73,	17),
(96,	17),
(97,	17),
(98,	17),
(99,	17),
(100,	17),
(101,	17),
(102,	17),
(103,	17),
(104,	17),
(105,	17),
(115,	17),
(128,	17),
(133,	17),
(136,	17),
(141,	17),
(152,	17),
(153,	17),
(154,	17),
(155,	17),
(193,	17),
(194,	17),
(195,	17),
(196,	17),
(197,	17),
(198,	17),
(199,	17),
(200,	17),
(201,	17),
(202,	17),
(203,	17),
(204,	17),
(205,	17),
(206,	17),
(245,	17),
(246,	17),
(248,	17),
(249,	17),
(250,	17),
(253,	17),
(254,	17),
(256,	17),
(257,	17),
(262,	17),
(263,	17),
(265,	17),
(266,	17),
(270,	17),
(271,	17),
(282,	17),
(287,	17),
(292,	17),
(294,	17),
(296,	17),
(299,	17),
(300,	17),
(304,	17),
(307,	17),
(308,	17),
(309,	17),
(2,	18),
(2,	19),
(5,	19),
(8,	19),
(9,	19),
(10,	19),
(11,	19),
(47,	19),
(59,	19),
(60,	19),
(62,	19),
(63,	19),
(64,	19),
(65,	19),
(67,	19),
(68,	19),
(71,	19),
(72,	19),
(75,	19),
(77,	19),
(78,	19),
(83,	19),
(84,	19),
(85,	19),
(86,	19),
(87,	19),
(88,	19),
(89,	19),
(90,	19),
(91,	19),
(93,	19),
(94,	19),
(95,	19),
(96,	19),
(97,	19),
(98,	19),
(99,	19),
(100,	19),
(101,	19),
(102,	19),
(103,	19),
(104,	19),
(105,	19),
(106,	19),
(107,	19),
(108,	19),
(109,	19),
(110,	19),
(115,	19),
(116,	19),
(117,	19),
(118,	19),
(119,	19),
(120,	19),
(121,	19),
(122,	19),
(123,	19),
(124,	19),
(125,	19),
(126,	19),
(127,	19),
(128,	19),
(129,	19),
(130,	19),
(131,	19),
(134,	19),
(135,	19),
(136,	19),
(137,	19),
(138,	19),
(139,	19),
(140,	19),
(142,	19),
(143,	19),
(144,	19),
(145,	19),
(149,	19),
(150,	19),
(151,	19),
(153,	19),
(154,	19),
(156,	19),
(163,	19),
(164,	19),
(165,	19),
(166,	19),
(167,	19),
(168,	19),
(169,	19),
(170,	19),
(171,	19),
(172,	19),
(173,	19),
(174,	19),
(176,	19),
(177,	19),
(178,	19),
(180,	19),
(181,	19),
(182,	19),
(184,	19),
(185,	19),
(186,	19),
(187,	19),
(188,	19),
(189,	19),
(190,	19),
(193,	19),
(194,	19),
(195,	19),
(196,	19),
(197,	19),
(198,	19),
(199,	19),
(200,	19),
(201,	19),
(202,	19),
(203,	19),
(204,	19),
(205,	19),
(206,	19),
(231,	19),
(232,	19),
(235,	19),
(236,	19),
(237,	19),
(240,	19),
(243,	19),
(259,	19),
(260,	19),
(268,	19),
(269,	19),
(273,	19),
(285,	19),
(286,	19),
(287,	19),
(288,	19),
(289,	19),
(290,	19),
(291,	19),
(292,	19),
(293,	19),
(294,	19),
(295,	19),
(296,	19),
(297,	19),
(298,	19),
(299,	19),
(300,	19),
(301,	19),
(302,	19),
(303,	19),
(304,	19),
(307,	19),
(308,	19),
(309,	19),
(315,	19),
(316,	19),
(317,	19),
(318,	19),
(319,	19),
(320,	19),
(321,	19),
(322,	19),
(323,	19),
(407,	19),
(408,	19),
(409,	19),
(410,	19),
(411,	19),
(413,	19),
(414,	19),
(415,	19),
(416,	19),
(417,	19),
(418,	19),
(419,	19),
(420,	19),
(2,	20),
(3,	20),
(5,	20),
(7,	20),
(8,	20),
(9,	20),
(10,	20),
(11,	20),
(12,	20),
(13,	20),
(14,	20),
(15,	20),
(16,	20),
(22,	20),
(23,	20),
(24,	20),
(25,	20),
(26,	20),
(27,	20),
(28,	20),
(29,	20),
(30,	20),
(31,	20),
(32,	20),
(33,	20),
(34,	20),
(35,	20),
(36,	20),
(37,	20),
(38,	20),
(39,	20),
(40,	20),
(41,	20),
(42,	20),
(43,	20),
(44,	20),
(45,	20),
(46,	20),
(47,	20),
(48,	20),
(49,	20),
(50,	20),
(51,	20),
(52,	20),
(53,	20),
(54,	20),
(55,	20),
(56,	20),
(57,	20),
(58,	20),
(59,	20),
(60,	20),
(61,	20),
(62,	20),
(63,	20),
(64,	20),
(65,	20),
(66,	20),
(67,	20),
(68,	20),
(69,	20),
(70,	20),
(71,	20),
(72,	20),
(73,	20),
(74,	20),
(75,	20),
(76,	20),
(77,	20),
(78,	20),
(79,	20),
(80,	20),
(81,	20),
(82,	20),
(83,	20),
(84,	20),
(85,	20),
(86,	20),
(87,	20),
(88,	20),
(89,	20),
(90,	20),
(91,	20),
(92,	20),
(93,	20),
(94,	20),
(95,	20),
(96,	20),
(97,	20),
(98,	20),
(99,	20),
(100,	20),
(101,	20),
(102,	20),
(103,	20),
(104,	20),
(105,	20),
(106,	20),
(107,	20),
(108,	20),
(109,	20),
(110,	20),
(116,	20),
(117,	20),
(118,	20),
(119,	20),
(120,	20),
(121,	20),
(122,	20),
(123,	20),
(124,	20),
(125,	20),
(126,	20),
(127,	20),
(128,	20),
(129,	20),
(130,	20),
(131,	20),
(132,	20),
(133,	20),
(134,	20),
(135,	20),
(136,	20),
(137,	20),
(138,	20),
(139,	20),
(140,	20),
(141,	20),
(142,	20),
(143,	20),
(144,	20),
(145,	20),
(146,	20),
(147,	20),
(148,	20),
(149,	20),
(150,	20),
(151,	20),
(153,	20),
(154,	20),
(156,	20),
(157,	20),
(158,	20),
(159,	20),
(160,	20),
(161,	20),
(162,	20),
(163,	20),
(164,	20),
(165,	20),
(166,	20),
(167,	20),
(168,	20),
(169,	20),
(170,	20),
(171,	20),
(172,	20),
(173,	20),
(174,	20),
(175,	20),
(176,	20),
(177,	20),
(178,	20),
(179,	20),
(180,	20),
(181,	20),
(182,	20),
(183,	20),
(184,	20),
(185,	20),
(186,	20),
(187,	20),
(188,	20),
(189,	20),
(190,	20),
(191,	20),
(192,	20),
(193,	20),
(194,	20),
(195,	20),
(196,	20),
(197,	20),
(198,	20),
(199,	20),
(200,	20),
(201,	20),
(202,	20),
(203,	20),
(204,	20),
(205,	20),
(206,	20),
(217,	20),
(218,	20),
(219,	20),
(220,	20),
(221,	20),
(222,	20),
(223,	20),
(224,	20),
(225,	20),
(226,	20),
(227,	20),
(228,	20),
(229,	20),
(230,	20),
(231,	20),
(232,	20),
(233,	20),
(234,	20),
(235,	20),
(236,	20),
(237,	20),
(238,	20),
(239,	20),
(240,	20),
(241,	20),
(242,	20),
(243,	20),
(244,	20),
(245,	20),
(246,	20),
(247,	20),
(248,	20),
(249,	20),
(250,	20),
(251,	20),
(252,	20),
(253,	20),
(254,	20),
(255,	20),
(256,	20),
(257,	20),
(258,	20),
(259,	20),
(260,	20),
(261,	20),
(262,	20),
(263,	20),
(264,	20),
(265,	20),
(266,	20),
(267,	20),
(268,	20),
(269,	20),
(270,	20),
(271,	20),
(272,	20),
(273,	20),
(274,	20),
(275,	20),
(276,	20),
(277,	20),
(278,	20),
(279,	20),
(280,	20),
(281,	20),
(282,	20),
(283,	20),
(284,	20),
(285,	20),
(286,	20),
(287,	20),
(288,	20),
(289,	20),
(290,	20),
(291,	20),
(292,	20),
(293,	20),
(294,	20),
(295,	20),
(296,	20),
(297,	20),
(298,	20),
(299,	20),
(300,	20),
(301,	20),
(302,	20),
(303,	20),
(304,	20),
(305,	20),
(307,	20),
(308,	20),
(309,	20),
(310,	20),
(311,	20),
(312,	20),
(313,	20),
(314,	20),
(315,	20),
(317,	20),
(318,	20),
(319,	20),
(320,	20),
(321,	20),
(322,	20),
(323,	20),
(324,	20),
(325,	20),
(326,	20),
(327,	20),
(328,	20),
(329,	20),
(330,	20),
(331,	20),
(332,	20),
(333,	20),
(334,	20),
(335,	20),
(336,	20),
(337,	20),
(338,	20),
(339,	20),
(340,	20),
(341,	20),
(342,	20),
(343,	20),
(344,	20),
(345,	20),
(346,	20),
(347,	20),
(348,	20),
(349,	20),
(350,	20),
(351,	20),
(352,	20),
(353,	20),
(354,	20),
(355,	20),
(356,	20),
(357,	20),
(358,	20),
(359,	20),
(360,	20),
(361,	20),
(362,	20),
(363,	20),
(364,	20),
(365,	20),
(366,	20),
(367,	20),
(368,	20),
(369,	20),
(370,	20),
(371,	20),
(372,	20),
(373,	20),
(374,	20),
(375,	20),
(376,	20),
(377,	20),
(378,	20),
(379,	20),
(380,	20),
(381,	20),
(382,	20),
(383,	20),
(384,	20),
(385,	20),
(386,	20),
(387,	20),
(388,	20),
(389,	20),
(390,	20),
(391,	20),
(392,	20),
(393,	20),
(394,	20),
(395,	20),
(396,	20),
(397,	20),
(398,	20),
(399,	20),
(400,	20),
(401,	20),
(402,	20),
(403,	20),
(404,	20),
(406,	20),
(407,	20),
(408,	20),
(409,	20),
(410,	20),
(411,	20),
(412,	20),
(413,	20),
(414,	20),
(415,	20),
(416,	20),
(417,	20),
(418,	20),
(419,	20),
(420,	20),
(2,	21),
(135,	21),
(229,	21),
(230,	21),
(233,	21),
(234,	21),
(238,	21),
(239,	21),
(241,	21),
(242,	21),
(324,	21),
(325,	21),
(326,	21),
(327,	21),
(328,	21),
(329,	21),
(330,	21),
(331,	21),
(332,	21),
(333,	21),
(334,	21),
(335,	21),
(336,	21),
(337,	21),
(338,	21),
(339,	21),
(340,	21),
(341,	21),
(342,	21),
(343,	21),
(344,	21),
(345,	21),
(346,	21),
(347,	21),
(348,	21),
(349,	21),
(350,	21),
(351,	21),
(352,	21),
(353,	21),
(354,	21),
(355,	21),
(356,	21),
(357,	21),
(358,	21),
(359,	21),
(360,	21),
(361,	21),
(362,	21),
(363,	21),
(364,	21),
(365,	21),
(366,	21),
(367,	21),
(368,	21),
(369,	21),
(370,	21),
(371,	21),
(372,	21),
(373,	21),
(374,	21),
(375,	21),
(376,	21),
(377,	21),
(378,	21),
(379,	21),
(380,	21),
(381,	21),
(382,	21),
(383,	21),
(384,	21),
(385,	21),
(386,	21),
(387,	21),
(388,	21),
(389,	21),
(390,	21),
(391,	21),
(392,	21),
(393,	21),
(394,	21),
(395,	21),
(396,	21),
(397,	21),
(398,	21),
(399,	21),
(400,	21),
(401,	21),
(402,	21),
(403,	21),
(404,	21),
(2,	22),
(47,	22),
(50,	22),
(51,	22),
(52,	22),
(53,	22),
(54,	22),
(55,	22),
(56,	22),
(57,	22),
(58,	22),
(59,	22),
(63,	22),
(64,	22),
(67,	22),
(72,	22),
(74,	22),
(75,	22),
(88,	22),
(135,	22),
(136,	22),
(139,	22),
(141,	22),
(245,	22),
(246,	22),
(247,	22),
(248,	22),
(249,	22),
(250,	22),
(251,	22),
(252,	22),
(253,	22),
(254,	22),
(255,	22),
(328,	22),
(342,	22),
(343,	22),
(344,	22),
(345,	22),
(347,	22),
(348,	22),
(349,	22),
(350,	22),
(351,	22),
(352,	22),
(353,	22),
(354,	22),
(355,	22),
(356,	22),
(357,	22),
(358,	22),
(359,	22),
(360,	22),
(361,	22),
(362,	22),
(363,	22),
(364,	22),
(365,	22),
(366,	22),
(367,	22),
(368,	22),
(369,	22),
(373,	22),
(375,	22),
(376,	22),
(377,	22),
(379,	22),
(380,	22),
(381,	22),
(382,	22),
(383,	22),
(384,	22),
(385,	22),
(386,	22),
(387,	22),
(388,	22),
(389,	22),
(390,	22),
(391,	22),
(392,	22),
(393,	22),
(394,	22),
(395,	22),
(396,	22),
(3,	23),
(4,	23),
(6,	23),
(9,	23),
(10,	23),
(11,	23),
(12,	23),
(13,	23),
(14,	23),
(16,	23),
(37,	23),
(38,	23),
(40,	23),
(48,	23),
(49,	23),
(50,	23),
(51,	23),
(52,	23),
(54,	23),
(55,	23),
(66,	23),
(68,	23),
(78,	23),
(97,	23),
(106,	23),
(107,	23),
(114,	23),
(116,	23),
(132,	23),
(133,	23),
(134,	23),
(140,	23),
(141,	23),
(142,	23),
(145,	23),
(146,	23),
(149,	23),
(151,	23),
(154,	23),
(155,	23),
(157,	23),
(164,	23),
(171,	23),
(172,	23),
(195,	23),
(196,	23),
(202,	23),
(206,	23),
(207,	23),
(208,	23),
(210,	23),
(211,	23),
(212,	23),
(213,	23),
(214,	23),
(215,	23),
(216,	23),
(229,	23),
(230,	23),
(231,	23),
(245,	23),
(246,	23),
(247,	23),
(265,	23),
(266,	23),
(267,	23),
(268,	23),
(277,	23),
(278,	23),
(313,	23),
(342,	23),
(343,	23),
(344,	23),
(348,	23),
(349,	23),
(350,	23),
(352,	23),
(353,	23),
(354,	23),
(355,	23),
(358,	23),
(367,	23),
(368,	23),
(371,	23),
(382,	23),
(384,	23),
(385,	23),
(386,	23),
(3,	24),
(9,	24),
(10,	24),
(11,	24),
(12,	24),
(14,	24),
(16,	24),
(90,	24),
(115,	24),
(152,	24),
(153,	24),
(154,	24),
(155,	24),
(156,	24),
(193,	24),
(194,	24),
(195,	24),
(196,	24),
(197,	24),
(198,	24),
(199,	24),
(200,	24),
(201,	24),
(202,	24),
(203,	24),
(204,	24),
(205,	24),
(206,	24),
(217,	24),
(218,	24),
(221,	24),
(222,	24),
(226,	24),
(227,	24),
(274,	24),
(279,	24),
(280,	24),
(281,	24),
(282,	24),
(316,	24),
(4,	25),
(6,	25),
(125,	25),
(126,	25),
(192,	25),
(4,	26),
(10,	26),
(22,	26),
(27,	26),
(37,	26),
(38,	26),
(50,	26),
(51,	26),
(53,	26),
(58,	26),
(69,	26),
(70,	26),
(72,	26),
(101,	26),
(156,	26),
(162,	26),
(207,	26),
(208,	26),
(209,	26),
(210,	26),
(226,	26),
(227,	26),
(228,	26),
(241,	26),
(242,	26),
(243,	26),
(244,	26),
(256,	26),
(257,	26),
(258,	26),
(261,	26),
(274,	26),
(275,	26),
(276,	26),
(297,	26),
(304,	26),
(305,	26),
(308,	26),
(375,	26),
(376,	26),
(377,	26),
(379,	26),
(380,	26),
(381,	26),
(400,	26),
(401,	26),
(412,	26),
(414,	26),
(4,	27),
(9,	27),
(11,	27),
(140,	27),
(141,	27),
(143,	27),
(233,	27),
(234,	27),
(237,	27),
(311,	27),
(312,	27),
(353,	27),
(354,	27),
(384,	27),
(385,	27),
(387,	27),
(4,	28),
(5,	29),
(6,	29),
(13,	29),
(15,	29),
(26,	29),
(29,	29),
(32,	29),
(47,	29),
(52,	29),
(53,	29),
(57,	29),
(59,	29),
(62,	29),
(63,	29),
(64,	29),
(65,	29),
(67,	29),
(68,	29),
(71,	29),
(72,	29),
(74,	29),
(75,	29),
(77,	29),
(78,	29),
(79,	29),
(80,	29),
(83,	29),
(84,	29),
(86,	29),
(87,	29),
(88,	29),
(92,	29),
(93,	29),
(94,	29),
(95,	29),
(96,	29),
(97,	29),
(98,	29),
(99,	29),
(100,	29),
(101,	29),
(102,	29),
(103,	29),
(104,	29),
(105,	29),
(107,	29),
(109,	29),
(111,	29),
(112,	29),
(113,	29),
(114,	29),
(116,	29),
(119,	29),
(120,	29),
(121,	29),
(122,	29),
(123,	29),
(124,	29),
(130,	29),
(131,	29),
(134,	29),
(137,	29),
(138,	29),
(139,	29),
(142,	29),
(143,	29),
(144,	29),
(145,	29),
(147,	29),
(148,	29),
(150,	29),
(151,	29),
(153,	29),
(154,	29),
(157,	29),
(158,	29),
(159,	29),
(160,	29),
(161,	29),
(162,	29),
(165,	29),
(166,	29),
(169,	29),
(176,	29),
(177,	29),
(180,	29),
(181,	29),
(182,	29),
(184,	29),
(185,	29),
(187,	29),
(188,	29),
(189,	29),
(190,	29),
(191,	29),
(196,	29),
(200,	29),
(201,	29),
(204,	29),
(205,	29),
(206,	29),
(209,	29),
(219,	29),
(220,	29),
(223,	29),
(224,	29),
(225,	29),
(228,	29),
(231,	29),
(232,	29),
(235,	29),
(236,	29),
(237,	29),
(240,	29),
(243,	29),
(247,	29),
(251,	29),
(252,	29),
(255,	29),
(259,	29),
(260,	29),
(261,	29),
(273,	29),
(284,	29),
(285,	29),
(286,	29),
(288,	29),
(289,	29),
(290,	29),
(291,	29),
(293,	29),
(295,	29),
(297,	29),
(298,	29),
(301,	29),
(302,	29),
(303,	29),
(305,	29),
(312,	29),
(321,	29),
(331,	29),
(371,	29),
(374,	29),
(378,	29),
(386,	29),
(387,	29),
(389,	29),
(390,	29),
(393,	29),
(395,	29),
(396,	29),
(407,	29),
(408,	29),
(411,	29),
(413,	29),
(414,	29),
(415,	29),
(416,	29),
(418,	29),
(419,	29),
(79,	30),
(6,	31),
(6,	32),
(7,	32),
(10,	32),
(44,	32),
(45,	32),
(46,	32),
(48,	32),
(49,	32),
(217,	32),
(218,	32),
(219,	32),
(220,	32),
(221,	32),
(222,	32),
(223,	32),
(224,	32),
(225,	32),
(226,	32),
(227,	32),
(228,	32),
(245,	32),
(246,	32),
(247,	32),
(248,	32),
(249,	32),
(250,	32),
(251,	32),
(252,	32),
(253,	32),
(254,	32),
(255,	32),
(7,	33),
(111,	33),
(112,	33),
(113,	33),
(114,	33),
(193,	33),
(194,	33),
(195,	33),
(196,	33),
(197,	33),
(198,	33),
(199,	33),
(200,	33),
(201,	33),
(202,	33),
(203,	33),
(204,	33),
(205,	33),
(206,	33),
(207,	33),
(208,	33),
(209,	33),
(210,	33),
(211,	33),
(212,	33),
(213,	33),
(214,	33),
(215,	33),
(216,	33),
(217,	33),
(218,	33),
(219,	33),
(220,	33),
(221,	33),
(222,	33),
(223,	33),
(224,	33),
(225,	33),
(226,	33),
(227,	33),
(228,	33),
(229,	33),
(230,	33),
(231,	33),
(232,	33),
(233,	33),
(234,	33),
(235,	33),
(236,	33),
(237,	33),
(238,	33),
(239,	33),
(240,	33),
(241,	33),
(242,	33),
(243,	33),
(244,	33),
(245,	33),
(246,	33),
(247,	33),
(248,	33),
(249,	33),
(250,	33),
(251,	33),
(252,	33),
(253,	33),
(254,	33),
(255,	33),
(6,	34),
(26,	34),
(28,	34),
(29,	34),
(30,	34),
(44,	34),
(59,	34),
(61,	34),
(64,	34),
(73,	34),
(88,	34),
(89,	34),
(91,	34),
(103,	34),
(104,	34),
(105,	34),
(106,	34),
(109,	34),
(111,	34),
(113,	34),
(118,	34),
(124,	34),
(135,	34),
(160,	34),
(163,	34),
(164,	34),
(168,	34),
(170,	34),
(171,	34),
(173,	34),
(178,	34),
(179,	34),
(180,	34),
(181,	34),
(186,	34),
(199,	34),
(200,	34),
(217,	34),
(218,	34),
(220,	34),
(233,	34),
(234,	34),
(236,	34),
(262,	34),
(263,	34),
(264,	34),
(271,	34),
(279,	34),
(280,	34),
(283,	34),
(285,	34),
(300,	34),
(301,	34),
(302,	34),
(304,	34),
(317,	34),
(318,	34),
(319,	34),
(320,	34),
(321,	34),
(334,	34),
(335,	34),
(338,	34),
(339,	34),
(342,	34),
(343,	34),
(344,	34),
(345,	34),
(346,	34),
(347,	34),
(363,	34),
(364,	34),
(365,	34),
(366,	34),
(369,	34),
(372,	34),
(373,	34),
(383,	34),
(397,	34),
(398,	34),
(399,	34),
(400,	34),
(401,	34),
(406,	34),
(411,	34),
(417,	34),
(419,	34),
(8,	35),
(283,	35),
(284,	35),
(285,	35),
(286,	35),
(287,	35),
(288,	35),
(289,	35),
(290,	35),
(291,	35),
(292,	35),
(293,	35),
(294,	35),
(295,	35),
(296,	35),
(297,	35),
(298,	35),
(299,	35),
(300,	35),
(301,	35),
(302,	35),
(303,	35),
(304,	35),
(305,	35),
(307,	35),
(308,	35),
(309,	35),
(310,	35),
(311,	35),
(312,	35),
(313,	35),
(314,	35),
(315,	35),
(316,	35),
(317,	35),
(318,	35),
(319,	35),
(320,	35),
(321,	35),
(322,	35),
(323,	35),
(8,	36),
(60,	36),
(61,	36),
(62,	36),
(79,	36),
(80,	36),
(81,	36),
(115,	36),
(121,	36),
(192,	36),
(253,	36),
(254,	36),
(255,	36),
(259,	36),
(270,	36),
(272,	36),
(273,	36),
(281,	36),
(282,	36),
(290,	36),
(291,	36),
(294,	36),
(299,	36),
(388,	36),
(390,	36),
(417,	36),
(418,	36),
(420,	36),
(8,	37),
(10,	37),
(22,	37),
(23,	37),
(24,	37),
(27,	37),
(28,	37),
(30,	37),
(31,	37),
(33,	37),
(38,	37),
(44,	37),
(45,	37),
(48,	37),
(50,	37),
(51,	37),
(54,	37),
(55,	37),
(56,	37),
(58,	37),
(60,	37),
(61,	37),
(66,	37),
(69,	37),
(70,	37),
(73,	37),
(90,	37),
(106,	37),
(132,	37),
(149,	37),
(156,	37),
(174,	37),
(178,	37),
(183,	37),
(192,	37),
(229,	37),
(230,	37),
(233,	37),
(234,	37),
(238,	37),
(239,	37),
(241,	37),
(242,	37),
(245,	37),
(249,	37),
(253,	37),
(256,	37),
(257,	37),
(262,	37),
(263,	37),
(265,	37),
(266,	37),
(270,	37),
(271,	37),
(283,	37),
(287,	37),
(292,	37),
(294,	37),
(296,	37),
(299,	37),
(300,	37),
(304,	37),
(307,	37),
(308,	37),
(309,	37),
(328,	37),
(332,	37),
(333,	37),
(334,	37),
(335,	37),
(336,	37),
(337,	37),
(338,	37),
(339,	37),
(340,	37),
(341,	37),
(342,	37),
(343,	37),
(345,	37),
(348,	37),
(349,	37),
(352,	37),
(353,	37),
(355,	37),
(356,	37),
(357,	37),
(358,	37),
(359,	37),
(360,	37),
(362,	37),
(363,	37),
(364,	37),
(366,	37),
(367,	37),
(368,	37),
(369,	37),
(372,	37),
(373,	37),
(375,	37),
(376,	37),
(377,	37),
(379,	37),
(380,	37),
(381,	37),
(382,	37),
(384,	37),
(385,	37),
(388,	37),
(391,	37),
(392,	37),
(394,	37),
(397,	37),
(398,	37),
(399,	37),
(400,	37),
(401,	37),
(402,	37),
(403,	37),
(404,	37),
(406,	37),
(412,	37),
(417,	37),
(420,	37),
(11,	38),
(10,	39),
(10,	40),
(11,	40),
(15,	40),
(24,	40),
(25,	40),
(73,	40),
(74,	40),
(146,	40),
(148,	40),
(149,	40),
(150,	40),
(152,	40),
(153,	40),
(197,	40),
(198,	40),
(199,	40),
(201,	40),
(245,	40),
(246,	40),
(248,	40),
(292,	40),
(293,	40),
(3,	41),
(12,	41),
(13,	41),
(14,	41),
(15,	41),
(16,	41),
(3,	42),
(11,	42),
(12,	42),
(13,	42),
(14,	42),
(15,	42),
(16,	42),
(8,	43),
(33,	43),
(34,	43),
(35,	43),
(36,	43),
(37,	43),
(38,	43),
(39,	43),
(40,	43),
(41,	43),
(42,	43),
(43,	43),
(44,	43),
(45,	43),
(46,	43),
(47,	43),
(48,	43),
(49,	43),
(50,	43),
(51,	43),
(52,	43),
(53,	43),
(54,	43),
(55,	43),
(56,	43),
(57,	43),
(58,	43),
(59,	43),
(62,	43),
(64,	43),
(65,	43),
(67,	43),
(68,	43),
(71,	43),
(74,	43),
(75,	43),
(91,	43),
(92,	43),
(93,	43),
(94,	43),
(96,	43),
(97,	43),
(98,	43),
(99,	43),
(100,	43),
(101,	43),
(102,	43),
(103,	43),
(104,	43),
(105,	43),
(106,	43),
(107,	43),
(108,	43),
(109,	43),
(110,	43),
(115,	43),
(116,	43),
(125,	43),
(126,	43),
(135,	43),
(136,	43),
(137,	43),
(138,	43),
(139,	43),
(140,	43),
(141,	43),
(142,	43),
(149,	43),
(150,	43),
(151,	43),
(152,	43),
(153,	43),
(154,	43),
(155,	43),
(159,	43),
(160,	43),
(161,	43),
(162,	43),
(185,	43),
(192,	43),
(283,	43),
(284,	43),
(285,	43),
(286,	43),
(287,	43),
(288,	43),
(289,	43),
(290,	43),
(291,	43),
(292,	43),
(293,	43),
(294,	43),
(295,	43),
(296,	43),
(297,	43),
(298,	43),
(299,	43),
(300,	43),
(301,	43),
(302,	43),
(303,	43),
(304,	43),
(305,	43),
(307,	43),
(308,	43),
(309,	43),
(310,	43),
(311,	43),
(312,	43),
(313,	43),
(314,	43),
(315,	43),
(316,	43),
(317,	43),
(318,	43),
(319,	43),
(320,	43),
(321,	43),
(322,	43),
(323,	43),
(324,	43),
(325,	43),
(326,	43),
(327,	43),
(328,	43),
(329,	43),
(330,	43),
(331,	43),
(332,	43),
(333,	43),
(334,	43),
(335,	43),
(336,	43),
(337,	43),
(338,	43),
(339,	43),
(340,	43),
(341,	43),
(342,	43),
(343,	43),
(344,	43),
(345,	43),
(346,	43),
(347,	43),
(348,	43),
(349,	43),
(350,	43),
(351,	43),
(352,	43),
(353,	43),
(354,	43),
(355,	43),
(356,	43),
(357,	43),
(358,	43),
(359,	43),
(360,	43),
(361,	43),
(362,	43),
(363,	43),
(364,	43),
(365,	43),
(366,	43),
(367,	43),
(368,	43),
(369,	43),
(370,	43),
(371,	43),
(372,	43),
(373,	43),
(374,	43),
(375,	43),
(376,	43),
(377,	43),
(378,	43),
(379,	43),
(380,	43),
(381,	43),
(382,	43),
(383,	43),
(384,	43),
(385,	43),
(386,	43),
(387,	43),
(388,	43),
(389,	43),
(390,	43),
(391,	43),
(392,	43),
(393,	43),
(394,	43),
(395,	43),
(396,	43),
(397,	43),
(398,	43),
(399,	43),
(400,	43),
(401,	43),
(402,	43),
(403,	43),
(404,	43),
(406,	43),
(407,	43),
(408,	43),
(411,	43),
(412,	43),
(413,	43),
(414,	43),
(415,	43),
(416,	43),
(417,	43),
(418,	43),
(419,	43),
(420,	43),
(14,	44),
(23,	44),
(27,	44),
(30,	44),
(33,	44),
(34,	44),
(35,	44),
(36,	44),
(39,	44),
(45,	44),
(46,	44),
(47,	44),
(48,	44),
(56,	44),
(58,	44),
(65,	44),
(71,	44),
(76,	44),
(77,	44),
(82,	44),
(86,	44),
(87,	44),
(88,	44),
(90,	44),
(91,	44),
(92,	44),
(93,	44),
(94,	44),
(96,	44),
(102,	44),
(103,	44),
(108,	44),
(112,	44),
(117,	44),
(119,	44),
(120,	44),
(123,	44),
(135,	44),
(136,	44),
(137,	44),
(138,	44),
(144,	44),
(163,	44),
(164,	44),
(165,	44),
(166,	44),
(168,	44),
(174,	44),
(175,	44),
(178,	44),
(179,	44),
(182,	44),
(183,	44),
(185,	44),
(186,	44),
(187,	44),
(188,	44),
(189,	44),
(190,	44),
(203,	44),
(204,	44),
(205,	44),
(214,	44),
(215,	44),
(216,	44),
(221,	44),
(222,	44),
(223,	44),
(233,	44),
(234,	44),
(235,	44),
(238,	44),
(239,	44),
(240,	44),
(241,	44),
(242,	44),
(256,	44),
(257,	44),
(258,	44),
(260,	44),
(262,	44),
(263,	44),
(264,	44),
(270,	44),
(271,	44),
(272,	44),
(274,	44),
(275,	44),
(276,	44),
(279,	44),
(280,	44),
(281,	44),
(282,	44),
(284,	44),
(287,	44),
(288,	44),
(289,	44),
(292,	44),
(294,	44),
(295,	44),
(299,	44),
(300,	44),
(303,	44),
(304,	44),
(307,	44),
(310,	44),
(315,	44),
(316,	44),
(322,	44),
(323,	44),
(324,	44),
(325,	44),
(328,	44),
(332,	44),
(333,	44),
(336,	44),
(337,	44),
(340,	44),
(348,	44),
(349,	44),
(350,	44),
(351,	44),
(356,	44),
(357,	44),
(367,	44),
(368,	44),
(369,	44),
(370,	44),
(378,	44),
(379,	44),
(380,	44),
(381,	44),
(382,	44),
(383,	44),
(388,	44),
(389,	44),
(391,	44),
(394,	44),
(395,	44),
(396,	44),
(402,	44),
(403,	44),
(404,	44),
(406,	44),
(409,	44),
(410,	44),
(412,	44),
(413,	44),
(16,	45),
(8,	46),
(25,	46),
(26,	46),
(29,	46),
(32,	46),
(33,	46),
(34,	46),
(35,	46),
(36,	46),
(37,	46),
(38,	46),
(39,	46),
(40,	46),
(41,	46),
(42,	46),
(43,	46),
(46,	46),
(47,	46),
(49,	46),
(50,	46),
(52,	46),
(53,	46),
(57,	46),
(58,	46),
(59,	46),
(60,	46),
(61,	46),
(62,	46),
(63,	46),
(64,	46),
(65,	46),
(66,	46),
(67,	46),
(68,	46),
(69,	46),
(70,	46),
(71,	46),
(72,	46),
(73,	46),
(74,	46),
(75,	46),
(76,	46),
(77,	46),
(78,	46),
(79,	46),
(80,	46),
(81,	46),
(82,	46),
(83,	46),
(84,	46),
(85,	46),
(86,	46),
(87,	46),
(88,	46),
(89,	46),
(91,	46),
(92,	46),
(93,	46),
(94,	46),
(95,	46),
(96,	46),
(97,	46),
(98,	46),
(99,	46),
(100,	46),
(101,	46),
(102,	46),
(103,	46),
(104,	46),
(105,	46),
(106,	46),
(107,	46),
(108,	46),
(109,	46),
(110,	46),
(111,	46),
(112,	46),
(113,	46),
(114,	46),
(115,	46),
(116,	46),
(118,	46),
(119,	46),
(120,	46),
(121,	46),
(122,	46),
(123,	46),
(124,	46),
(125,	46),
(126,	46),
(128,	46),
(129,	46),
(130,	46),
(131,	46),
(132,	46),
(133,	46),
(134,	46),
(135,	46),
(136,	46),
(137,	46),
(138,	46),
(139,	46),
(140,	46),
(141,	46),
(142,	46),
(143,	46),
(144,	46),
(145,	46),
(146,	46),
(147,	46),
(148,	46),
(149,	46),
(150,	46),
(151,	46),
(152,	46),
(153,	46),
(154,	46),
(155,	46),
(156,	46),
(157,	46),
(158,	46),
(159,	46),
(160,	46),
(161,	46),
(162,	46),
(163,	46),
(164,	46),
(165,	46),
(166,	46),
(167,	46),
(168,	46),
(169,	46),
(170,	46),
(171,	46),
(172,	46),
(173,	46),
(174,	46),
(175,	46),
(176,	46),
(177,	46),
(178,	46),
(179,	46),
(180,	46),
(181,	46),
(182,	46),
(183,	46),
(184,	46),
(185,	46),
(186,	46),
(187,	46),
(188,	46),
(189,	46),
(190,	46),
(191,	46),
(193,	46),
(194,	46),
(195,	46),
(196,	46),
(197,	46),
(198,	46),
(199,	46),
(200,	46),
(201,	46),
(202,	46),
(203,	46),
(204,	46),
(205,	46),
(206,	46),
(208,	46),
(209,	46),
(210,	46),
(212,	46),
(213,	46),
(215,	46),
(216,	46),
(217,	46),
(219,	46),
(220,	46),
(221,	46),
(223,	46),
(224,	46),
(225,	46),
(226,	46),
(228,	46),
(229,	46),
(231,	46),
(232,	46),
(233,	46),
(235,	46),
(236,	46),
(237,	46),
(238,	46),
(240,	46),
(241,	46),
(243,	46),
(244,	46),
(245,	46),
(246,	46),
(247,	46),
(248,	46),
(249,	46),
(250,	46),
(251,	46),
(252,	46),
(253,	46),
(254,	46),
(255,	46),
(257,	46),
(258,	46),
(259,	46),
(260,	46),
(261,	46),
(262,	46),
(263,	46),
(264,	46),
(266,	46),
(267,	46),
(268,	46),
(269,	46),
(271,	46),
(272,	46),
(273,	46),
(275,	46),
(276,	46),
(278,	46),
(280,	46),
(282,	46),
(283,	46),
(284,	46),
(285,	46),
(286,	46),
(287,	46),
(288,	46),
(289,	46),
(290,	46),
(291,	46),
(292,	46),
(293,	46),
(294,	46),
(295,	46),
(296,	46),
(297,	46),
(298,	46),
(299,	46),
(300,	46),
(301,	46),
(302,	46),
(303,	46),
(304,	46),
(305,	46),
(307,	46),
(308,	46),
(309,	46),
(310,	46),
(311,	46),
(312,	46),
(313,	46),
(314,	46),
(315,	46),
(316,	46),
(317,	46),
(318,	46),
(319,	46),
(320,	46),
(321,	46),
(322,	46),
(323,	46),
(324,	46),
(325,	46),
(327,	46),
(328,	46),
(329,	46),
(331,	46),
(332,	46),
(333,	46),
(334,	46),
(335,	46),
(336,	46),
(337,	46),
(338,	46),
(339,	46),
(340,	46),
(341,	46),
(342,	46),
(344,	46),
(346,	46),
(347,	46),
(349,	46),
(350,	46),
(351,	46),
(353,	46),
(354,	46),
(355,	46),
(357,	46),
(358,	46),
(359,	46),
(360,	46),
(361,	46),
(362,	46),
(364,	46),
(365,	46),
(366,	46),
(368,	46),
(369,	46),
(370,	46),
(371,	46),
(373,	46),
(374,	46),
(376,	46),
(377,	46),
(378,	46),
(380,	46),
(381,	46),
(383,	46),
(385,	46),
(386,	46),
(387,	46),
(389,	46),
(390,	46),
(392,	46),
(393,	46),
(395,	46),
(396,	46),
(398,	46),
(399,	46),
(401,	46),
(403,	46),
(404,	46),
(406,	46),
(407,	46),
(408,	46),
(409,	46),
(410,	46),
(411,	46),
(412,	46),
(413,	46),
(414,	46),
(415,	46),
(416,	46),
(418,	46),
(419,	46),
(8,	47),
(25,	47),
(33,	47),
(38,	47),
(106,	47),
(149,	47),
(174,	47),
(178,	47),
(229,	47),
(233,	47),
(238,	47),
(241,	47),
(283,	47),
(284,	47),
(285,	47),
(286,	47),
(287,	47),
(288,	47),
(289,	47),
(290,	47),
(291,	47),
(292,	47),
(293,	47),
(295,	47),
(297,	47),
(298,	47),
(301,	47),
(302,	47),
(303,	47),
(304,	47),
(305,	47),
(307,	47),
(308,	47),
(309,	47),
(312,	47),
(315,	47),
(317,	47),
(319,	47),
(320,	47),
(322,	47),
(323,	47),
(406,	47),
(407,	47),
(408,	47),
(412,	47),
(22,	49),
(23,	49),
(24,	49),
(25,	49),
(26,	49),
(27,	49),
(28,	49),
(29,	49),
(30,	49),
(31,	49),
(32,	49),
(60,	49),
(61,	49),
(63,	49),
(66,	49),
(69,	49),
(70,	49),
(72,	49),
(73,	49),
(76,	49),
(77,	49),
(78,	49),
(82,	49),
(86,	49),
(87,	49),
(117,	49),
(118,	49),
(119,	49),
(120,	49),
(121,	49),
(122,	49),
(123,	49),
(124,	49),
(132,	49),
(133,	49),
(143,	49),
(144,	49),
(145,	49),
(146,	49),
(147,	49),
(148,	49),
(156,	49),
(157,	49),
(158,	49),
(163,	49),
(164,	49),
(165,	49),
(166,	49),
(167,	49),
(168,	49),
(169,	49),
(170,	49),
(171,	49),
(172,	49),
(173,	49),
(174,	49),
(175,	49),
(176,	49),
(177,	49),
(178,	49),
(179,	49),
(180,	49),
(181,	49),
(182,	49),
(183,	49),
(184,	49),
(189,	49),
(190,	49),
(191,	49),
(22,	50),
(23,	50),
(24,	50),
(25,	50),
(26,	50),
(27,	50),
(28,	50),
(29,	50),
(30,	50),
(31,	50),
(32,	50),
(22,	51),
(23,	51),
(24,	51),
(27,	51),
(28,	51),
(30,	51),
(31,	51),
(217,	51),
(218,	51),
(221,	51),
(222,	51),
(226,	51),
(227,	51),
(417,	51),
(22,	52),
(41,	52),
(58,	52),
(191,	52),
(296,	52),
(297,	52),
(298,	52),
(309,	52),
(22,	53),
(23,	53),
(24,	53),
(27,	53),
(28,	53),
(30,	53),
(31,	53),
(44,	53),
(45,	53),
(48,	53),
(90,	53),
(117,	53),
(127,	53),
(207,	53),
(211,	53),
(214,	53),
(256,	53),
(262,	53),
(265,	53),
(270,	53),
(274,	53),
(277,	53),
(279,	53),
(281,	53),
(22,	54),
(23,	54),
(24,	54),
(26,	54),
(27,	54),
(28,	54),
(29,	54),
(30,	54),
(31,	54),
(32,	54),
(34,	54),
(35,	54),
(36,	54),
(37,	54),
(39,	54),
(40,	54),
(41,	54),
(42,	54),
(43,	54),
(44,	54),
(45,	54),
(46,	54),
(47,	54),
(48,	54),
(49,	54),
(51,	54),
(52,	54),
(53,	54),
(54,	54),
(55,	54),
(56,	54),
(57,	54),
(59,	54),
(62,	54),
(63,	54),
(64,	54),
(65,	54),
(67,	54),
(68,	54),
(71,	54),
(72,	54),
(74,	54),
(75,	54),
(76,	54),
(77,	54),
(78,	54),
(79,	54),
(80,	54),
(81,	54),
(82,	54),
(83,	54),
(84,	54),
(85,	54),
(86,	54),
(87,	54),
(88,	54),
(90,	54),
(91,	54),
(92,	54),
(93,	54),
(94,	54),
(96,	54),
(97,	54),
(98,	54),
(99,	54),
(100,	54),
(102,	54),
(103,	54),
(104,	54),
(105,	54),
(107,	54),
(108,	54),
(109,	54),
(110,	54),
(111,	54),
(112,	54),
(113,	54),
(114,	54),
(116,	54),
(117,	54),
(118,	54),
(119,	54),
(120,	54),
(121,	54),
(122,	54),
(123,	54),
(124,	54),
(125,	54),
(126,	54),
(127,	54),
(129,	54),
(130,	54),
(131,	54),
(133,	54),
(134,	54),
(135,	54),
(137,	54),
(138,	54),
(139,	54),
(140,	54),
(142,	54),
(143,	54),
(144,	54),
(145,	54),
(146,	54),
(147,	54),
(148,	54),
(150,	54),
(151,	54),
(153,	54),
(154,	54),
(157,	54),
(158,	54),
(159,	54),
(160,	54),
(161,	54),
(162,	54),
(164,	54),
(165,	54),
(166,	54),
(168,	54),
(169,	54),
(171,	54),
(172,	54),
(173,	54),
(175,	54),
(176,	54),
(177,	54),
(179,	54),
(180,	54),
(181,	54),
(182,	54),
(184,	54),
(185,	54),
(186,	54),
(187,	54),
(188,	54),
(189,	54),
(190,	54),
(191,	54),
(192,	54),
(194,	54),
(195,	54),
(196,	54),
(198,	54),
(199,	54),
(200,	54),
(201,	54),
(202,	54),
(203,	54),
(204,	54),
(205,	54),
(206,	54),
(207,	54),
(209,	54),
(211,	54),
(214,	54),
(217,	54),
(218,	54),
(219,	54),
(220,	54),
(221,	54),
(222,	54),
(223,	54),
(224,	54),
(225,	54),
(226,	54),
(227,	54),
(228,	54),
(230,	54),
(231,	54),
(232,	54),
(234,	54),
(235,	54),
(236,	54),
(237,	54),
(239,	54),
(240,	54),
(242,	54),
(243,	54),
(244,	54),
(246,	54),
(247,	54),
(248,	54),
(250,	54),
(251,	54),
(252,	54),
(254,	54),
(255,	54),
(256,	54),
(257,	54),
(258,	54),
(259,	54),
(260,	54),
(261,	54),
(262,	54),
(263,	54),
(264,	54),
(265,	54),
(266,	54),
(267,	54),
(268,	54),
(269,	54),
(270,	54),
(271,	54),
(272,	54),
(273,	54),
(274,	54),
(275,	54),
(276,	54),
(277,	54),
(278,	54),
(279,	54),
(280,	54),
(281,	54),
(282,	54),
(316,	54),
(318,	54),
(321,	54),
(326,	54),
(328,	54),
(330,	54),
(332,	54),
(334,	54),
(336,	54),
(338,	54),
(340,	54),
(342,	54),
(343,	54),
(344,	54),
(345,	54),
(346,	54),
(348,	54),
(349,	54),
(350,	54),
(352,	54),
(353,	54),
(354,	54),
(355,	54),
(356,	54),
(357,	54),
(358,	54),
(359,	54),
(360,	54),
(361,	54),
(362,	54),
(363,	54),
(364,	54),
(365,	54),
(366,	54),
(367,	54),
(368,	54),
(372,	54),
(373,	54),
(375,	54),
(376,	54),
(379,	54),
(380,	54),
(382,	54),
(384,	54),
(386,	54),
(387,	54),
(388,	54),
(389,	54),
(390,	54),
(391,	54),
(393,	54),
(394,	54),
(395,	54),
(396,	54),
(397,	54),
(398,	54),
(399,	54),
(400,	54),
(402,	54),
(403,	54),
(407,	54),
(408,	54),
(410,	54),
(411,	54),
(413,	54),
(414,	54),
(415,	54),
(416,	54),
(417,	54),
(418,	54),
(419,	54),
(23,	55),
(24,	55),
(25,	55),
(26,	55),
(30,	55),
(42,	55),
(43,	55),
(44,	55),
(45,	55),
(96,	55),
(105,	55),
(146,	55),
(147,	55),
(167,	55),
(170,	55),
(225,	55),
(249,	55),
(250,	55),
(251,	55),
(283,	55),
(296,	55),
(298,	55),
(309,	55),
(407,	55),
(419,	55),
(420,	55),
(25,	56),
(76,	56),
(81,	56),
(82,	56),
(85,	56),
(89,	56),
(91,	56),
(106,	56),
(107,	56),
(108,	56),
(109,	56),
(110,	56),
(118,	56),
(125,	56),
(126,	56),
(129,	56),
(132,	56),
(133,	56),
(135,	56),
(140,	56),
(146,	56),
(149,	56),
(157,	56),
(158,	56),
(164,	56),
(168,	56),
(171,	56),
(175,	56),
(179,	56),
(186,	56),
(194,	56),
(195,	56),
(198,	56),
(199,	56),
(202,	56),
(203,	56),
(246,	56),
(250,	56),
(254,	56),
(258,	56),
(264,	56),
(267,	56),
(272,	56),
(274,	56),
(275,	56),
(276,	56),
(277,	56),
(278,	56),
(279,	56),
(280,	56),
(281,	56),
(282,	56),
(316,	56),
(318,	56),
(332,	56),
(334,	56),
(336,	56),
(338,	56),
(340,	56),
(342,	56),
(344,	56),
(349,	56),
(350,	56),
(353,	56),
(354,	56),
(357,	56),
(360,	56),
(361,	56),
(364,	56),
(365,	56),
(368,	56),
(373,	56),
(376,	56),
(380,	56),
(398,	56),
(410,	56),
(8,	57),
(25,	57),
(26,	57),
(29,	57),
(32,	57),
(33,	57),
(34,	57),
(35,	57),
(36,	57),
(37,	57),
(38,	57),
(39,	57),
(40,	57),
(41,	57),
(42,	57),
(43,	57),
(46,	57),
(47,	57),
(49,	57),
(50,	57),
(52,	57),
(53,	57),
(57,	57),
(58,	57),
(59,	57),
(60,	57),
(61,	57),
(62,	57),
(63,	57),
(64,	57),
(65,	57),
(66,	57),
(67,	57),
(69,	57),
(70,	57),
(71,	57),
(72,	57),
(73,	57),
(74,	57),
(75,	57),
(76,	57),
(78,	57),
(79,	57),
(80,	57),
(81,	57),
(82,	57),
(83,	57),
(84,	57),
(85,	57),
(86,	57),
(87,	57),
(88,	57),
(89,	57),
(91,	57),
(92,	57),
(93,	57),
(94,	57),
(95,	57),
(96,	57),
(97,	57),
(98,	57),
(99,	57),
(100,	57),
(102,	57),
(103,	57),
(104,	57),
(105,	57),
(106,	57),
(107,	57),
(108,	57),
(109,	57),
(110,	57),
(111,	57),
(112,	57),
(113,	57),
(114,	57),
(115,	57),
(116,	57),
(118,	57),
(119,	57),
(120,	57),
(121,	57),
(122,	57),
(123,	57),
(124,	57),
(125,	57),
(126,	57),
(128,	57),
(129,	57),
(130,	57),
(131,	57),
(132,	57),
(133,	57),
(134,	57),
(135,	57),
(136,	57),
(137,	57),
(138,	57),
(139,	57),
(140,	57),
(141,	57),
(142,	57),
(143,	57),
(144,	57),
(145,	57),
(146,	57),
(147,	57),
(148,	57),
(149,	57),
(150,	57),
(151,	57),
(152,	57),
(153,	57),
(154,	57),
(155,	57),
(156,	57),
(157,	57),
(158,	57),
(159,	57),
(160,	57),
(161,	57),
(162,	57),
(163,	57),
(164,	57),
(165,	57),
(166,	57),
(167,	57),
(168,	57),
(169,	57),
(170,	57),
(171,	57),
(172,	57),
(173,	57),
(174,	57),
(175,	57),
(176,	57),
(177,	57),
(178,	57),
(179,	57),
(180,	57),
(181,	57),
(182,	57),
(183,	57),
(184,	57),
(185,	57),
(186,	57),
(187,	57),
(188,	57),
(189,	57),
(190,	57),
(191,	57),
(192,	57),
(193,	57),
(194,	57),
(195,	57),
(196,	57),
(197,	57),
(198,	57),
(199,	57),
(200,	57),
(201,	57),
(202,	57),
(203,	57),
(204,	57),
(205,	57),
(206,	57),
(208,	57),
(209,	57),
(210,	57),
(212,	57),
(213,	57),
(215,	57),
(216,	57),
(217,	57),
(219,	57),
(220,	57),
(221,	57),
(223,	57),
(224,	57),
(225,	57),
(226,	57),
(228,	57),
(229,	57),
(231,	57),
(232,	57),
(233,	57),
(235,	57),
(236,	57),
(237,	57),
(238,	57),
(240,	57),
(241,	57),
(243,	57),
(244,	57),
(245,	57),
(246,	57),
(247,	57),
(248,	57),
(249,	57),
(250,	57),
(251,	57),
(252,	57),
(253,	57),
(254,	57),
(255,	57),
(257,	57),
(258,	57),
(259,	57),
(260,	57),
(261,	57),
(263,	57),
(264,	57),
(266,	57),
(267,	57),
(268,	57),
(269,	57),
(271,	57),
(272,	57),
(273,	57),
(275,	57),
(276,	57),
(278,	57),
(280,	57),
(282,	57),
(283,	57),
(284,	57),
(285,	57),
(286,	57),
(287,	57),
(288,	57),
(289,	57),
(290,	57),
(291,	57),
(292,	57),
(293,	57),
(294,	57),
(295,	57),
(296,	57),
(297,	57),
(298,	57),
(299,	57),
(300,	57),
(301,	57),
(302,	57),
(303,	57),
(304,	57),
(305,	57),
(307,	57),
(308,	57),
(309,	57),
(310,	57),
(311,	57),
(312,	57),
(313,	57),
(314,	57),
(315,	57),
(316,	57),
(317,	57),
(318,	57),
(319,	57),
(320,	57),
(321,	57),
(322,	57),
(323,	57),
(324,	57),
(325,	57),
(327,	57),
(328,	57),
(329,	57),
(331,	57),
(332,	57),
(333,	57),
(334,	57),
(335,	57),
(336,	57),
(337,	57),
(338,	57),
(339,	57),
(340,	57),
(341,	57),
(342,	57),
(344,	57),
(346,	57),
(347,	57),
(349,	57),
(350,	57),
(351,	57),
(353,	57),
(354,	57),
(355,	57),
(357,	57),
(358,	57),
(360,	57),
(361,	57),
(362,	57),
(364,	57),
(365,	57),
(366,	57),
(368,	57),
(369,	57),
(370,	57),
(371,	57),
(373,	57),
(374,	57),
(376,	57),
(377,	57),
(378,	57),
(380,	57),
(381,	57),
(383,	57),
(385,	57),
(386,	57),
(387,	57),
(389,	57),
(390,	57),
(392,	57),
(393,	57),
(395,	57),
(396,	57),
(398,	57),
(399,	57),
(401,	57),
(403,	57),
(404,	57),
(406,	57),
(407,	57),
(408,	57),
(409,	57),
(411,	57),
(412,	57),
(413,	57),
(414,	57),
(415,	57),
(416,	57),
(418,	57),
(419,	57),
(25,	58),
(26,	58),
(29,	58),
(32,	58),
(89,	58),
(229,	58),
(231,	58),
(232,	58),
(233,	58),
(235,	58),
(236,	58),
(237,	58),
(238,	58),
(240,	58),
(241,	58),
(243,	58),
(244,	58),
(245,	58),
(246,	58),
(247,	58),
(248,	58),
(249,	58),
(250,	58),
(251,	58),
(252,	58),
(253,	58),
(254,	58),
(255,	58),
(8,	59),
(25,	59),
(26,	59),
(29,	59),
(32,	59),
(60,	59),
(61,	59),
(62,	59),
(63,	59),
(64,	59),
(65,	59),
(66,	59),
(67,	59),
(68,	59),
(69,	59),
(70,	59),
(71,	59),
(72,	59),
(73,	59),
(74,	59),
(75,	59),
(76,	59),
(77,	59),
(78,	59),
(79,	59),
(80,	59),
(81,	59),
(82,	59),
(83,	59),
(84,	59),
(85,	59),
(88,	59),
(89,	59),
(91,	59),
(92,	59),
(93,	59),
(94,	59),
(95,	59),
(106,	59),
(107,	59),
(108,	59),
(109,	59),
(110,	59),
(111,	59),
(112,	59),
(113,	59),
(114,	59),
(115,	59),
(116,	59),
(128,	59),
(129,	59),
(130,	59),
(131,	59),
(132,	59),
(133,	59),
(134,	59),
(135,	59),
(136,	59),
(137,	59),
(138,	59),
(139,	59),
(140,	59),
(141,	59),
(142,	59),
(143,	59),
(144,	59),
(145,	59),
(146,	59),
(147,	59),
(148,	59),
(149,	59),
(150,	59),
(151,	59),
(152,	59),
(153,	59),
(154,	59),
(155,	59),
(156,	59),
(157,	59),
(158,	59),
(159,	59),
(160,	59),
(161,	59),
(162,	59),
(163,	59),
(164,	59),
(165,	59),
(166,	59),
(167,	59),
(168,	59),
(169,	59),
(170,	59),
(171,	59),
(172,	59),
(173,	59),
(174,	59),
(175,	59),
(176,	59),
(177,	59),
(178,	59),
(179,	59),
(180,	59),
(181,	59),
(182,	59),
(183,	59),
(184,	59),
(185,	59),
(186,	59),
(187,	59),
(188,	59),
(189,	59),
(190,	59),
(191,	59),
(192,	59),
(208,	59),
(209,	59),
(210,	59),
(212,	59),
(213,	59),
(215,	59),
(216,	59),
(229,	59),
(231,	59),
(232,	59),
(233,	59),
(235,	59),
(236,	59),
(237,	59),
(238,	59),
(240,	59),
(241,	59),
(243,	59),
(244,	59),
(257,	59),
(258,	59),
(259,	59),
(260,	59),
(261,	59),
(263,	59),
(264,	59),
(266,	59),
(267,	59),
(268,	59),
(269,	59),
(271,	59),
(272,	59),
(273,	59),
(275,	59),
(276,	59),
(278,	59),
(280,	59),
(282,	59),
(283,	59),
(284,	59),
(285,	59),
(286,	59),
(287,	59),
(288,	59),
(289,	59),
(290,	59),
(291,	59),
(292,	59),
(293,	59),
(294,	59),
(295,	59),
(296,	59),
(297,	59),
(298,	59),
(299,	59),
(300,	59),
(301,	59),
(302,	59),
(303,	59),
(304,	59),
(305,	59),
(307,	59),
(308,	59),
(309,	59),
(310,	59),
(311,	59),
(312,	59),
(313,	59),
(314,	59),
(315,	59),
(316,	59),
(317,	59),
(318,	59),
(319,	59),
(320,	59),
(321,	59),
(322,	59),
(323,	59),
(410,	59),
(25,	60),
(33,	60),
(38,	60),
(106,	60),
(149,	60),
(174,	60),
(178,	60),
(229,	60),
(233,	60),
(238,	60),
(241,	60),
(283,	60),
(284,	60),
(285,	60),
(286,	60),
(287,	60),
(288,	60),
(289,	60),
(290,	60),
(291,	60),
(292,	60),
(293,	60),
(295,	60),
(297,	60),
(298,	60),
(301,	60),
(302,	60),
(303,	60),
(304,	60),
(305,	60),
(307,	60),
(308,	60),
(309,	60),
(312,	60),
(315,	60),
(317,	60),
(319,	60),
(320,	60),
(322,	60),
(323,	60),
(406,	60),
(412,	60),
(33,	62),
(34,	62),
(35,	62),
(36,	62),
(37,	62),
(38,	62),
(39,	62),
(40,	62),
(41,	62),
(42,	62),
(43,	62),
(44,	62),
(45,	62),
(46,	62),
(47,	62),
(48,	62),
(49,	62),
(50,	62),
(51,	62),
(52,	62),
(53,	62),
(54,	62),
(55,	62),
(56,	62),
(57,	62),
(58,	62),
(59,	62),
(33,	63),
(34,	63),
(35,	63),
(36,	63),
(37,	63),
(38,	63),
(39,	63),
(40,	63),
(41,	63),
(42,	63),
(43,	63),
(47,	63),
(50,	63),
(51,	63),
(52,	63),
(53,	63),
(54,	63),
(55,	63),
(56,	63),
(57,	63),
(58,	63),
(59,	63),
(193,	63),
(194,	63),
(195,	63),
(196,	63),
(197,	63),
(198,	63),
(199,	63),
(200,	63),
(201,	63),
(202,	63),
(203,	63),
(204,	63),
(205,	63),
(206,	63),
(8,	64),
(33,	64),
(34,	64),
(37,	64),
(38,	64),
(45,	64),
(48,	64),
(60,	64),
(61,	64),
(66,	64),
(69,	64),
(81,	64),
(85,	64),
(106,	64),
(115,	64),
(117,	64),
(118,	64),
(125,	64),
(126,	64),
(127,	64),
(128,	64),
(129,	64),
(131,	64),
(132,	64),
(155,	64),
(183,	64),
(192,	64),
(216,	64),
(310,	64),
(311,	64),
(313,	64),
(314,	64),
(326,	64),
(327,	64),
(329,	64),
(330,	64),
(331,	64),
(332,	64),
(333,	64),
(334,	64),
(335,	64),
(336,	64),
(337,	64),
(338,	64),
(339,	64),
(340,	64),
(341,	64),
(342,	64),
(343,	64),
(344,	64),
(345,	64),
(346,	64),
(347,	64),
(348,	64),
(349,	64),
(350,	64),
(351,	64),
(352,	64),
(353,	64),
(354,	64),
(355,	64),
(356,	64),
(357,	64),
(358,	64),
(359,	64),
(360,	64),
(361,	64),
(362,	64),
(363,	64),
(364,	64),
(365,	64),
(366,	64),
(367,	64),
(368,	64),
(369,	64),
(370,	64),
(371,	64),
(372,	64),
(373,	64),
(374,	64),
(375,	64),
(376,	64),
(377,	64),
(378,	64),
(379,	64),
(380,	64),
(381,	64),
(382,	64),
(383,	64),
(384,	64),
(385,	64),
(386,	64),
(387,	64),
(388,	64),
(389,	64),
(390,	64),
(391,	64),
(392,	64),
(393,	64),
(394,	64),
(395,	64),
(396,	64),
(397,	64),
(398,	64),
(399,	64),
(400,	64),
(401,	64),
(402,	64),
(403,	64),
(404,	64),
(409,	64),
(410,	64),
(412,	64),
(420,	64),
(33,	65),
(34,	65),
(35,	65),
(36,	65),
(37,	65),
(38,	65),
(39,	65),
(40,	65),
(41,	65),
(42,	65),
(43,	65),
(46,	65),
(47,	65),
(49,	65),
(50,	65),
(52,	65),
(53,	65),
(57,	65),
(58,	65),
(59,	65),
(68,	65),
(77,	65),
(193,	65),
(194,	65),
(195,	65),
(196,	65),
(197,	65),
(198,	65),
(199,	65),
(200,	65),
(201,	65),
(202,	65),
(203,	65),
(204,	65),
(205,	65),
(206,	65),
(217,	65),
(219,	65),
(220,	65),
(221,	65),
(223,	65),
(224,	65),
(225,	65),
(226,	65),
(228,	65),
(324,	65),
(325,	65),
(327,	65),
(328,	65),
(329,	65),
(331,	65),
(332,	65),
(333,	65),
(334,	65),
(335,	65),
(336,	65),
(337,	65),
(338,	65),
(339,	65),
(340,	65),
(341,	65),
(342,	65),
(344,	65),
(346,	65),
(347,	65),
(349,	65),
(350,	65),
(351,	65),
(353,	65),
(354,	65),
(355,	65),
(357,	65),
(358,	65),
(360,	65),
(361,	65),
(362,	65),
(364,	65),
(365,	65),
(366,	65),
(368,	65),
(369,	65),
(370,	65),
(371,	65),
(373,	65),
(374,	65),
(376,	65),
(377,	65),
(378,	65),
(380,	65),
(381,	65),
(383,	65),
(385,	65),
(386,	65),
(387,	65),
(389,	65),
(390,	65),
(392,	65),
(393,	65),
(395,	65),
(396,	65),
(398,	65),
(399,	65),
(401,	65),
(403,	65),
(404,	65),
(407,	65),
(409,	65),
(410,	65),
(411,	65),
(416,	65),
(8,	66),
(33,	66),
(34,	66),
(35,	66),
(36,	66),
(37,	66),
(38,	66),
(39,	66),
(40,	66),
(41,	66),
(42,	66),
(43,	66),
(46,	66),
(47,	66),
(49,	66),
(50,	66),
(52,	66),
(53,	66),
(57,	66),
(58,	66),
(59,	66),
(60,	66),
(61,	66),
(62,	66),
(63,	66),
(64,	66),
(65,	66),
(66,	66),
(67,	66),
(68,	66),
(69,	66),
(70,	66),
(71,	66),
(72,	66),
(73,	66),
(74,	66),
(75,	66),
(76,	66),
(77,	66),
(78,	66),
(79,	66),
(80,	66),
(81,	66),
(82,	66),
(83,	66),
(84,	66),
(85,	66),
(88,	66),
(91,	66),
(92,	66),
(93,	66),
(94,	66),
(95,	66),
(106,	66),
(107,	66),
(108,	66),
(109,	66),
(110,	66),
(111,	66),
(112,	66),
(113,	66),
(114,	66),
(115,	66),
(116,	66),
(128,	66),
(129,	66),
(130,	66),
(131,	66),
(132,	66),
(133,	66),
(134,	66),
(135,	66),
(136,	66),
(137,	66),
(138,	66),
(139,	66),
(140,	66),
(141,	66),
(142,	66),
(143,	66),
(144,	66),
(145,	66),
(146,	66),
(147,	66),
(148,	66),
(149,	66),
(150,	66),
(151,	66),
(152,	66),
(153,	66),
(154,	66),
(155,	66),
(156,	66),
(157,	66),
(158,	66),
(159,	66),
(160,	66),
(161,	66),
(162,	66),
(163,	66),
(164,	66),
(165,	66),
(166,	66),
(167,	66),
(168,	66),
(169,	66),
(170,	66),
(171,	66),
(172,	66),
(173,	66),
(174,	66),
(175,	66),
(176,	66),
(177,	66),
(178,	66),
(179,	66),
(180,	66),
(181,	66),
(182,	66),
(183,	66),
(184,	66),
(185,	66),
(186,	66),
(187,	66),
(188,	66),
(189,	66),
(190,	66),
(191,	66),
(192,	66),
(193,	66),
(194,	66),
(195,	66),
(196,	66),
(197,	66),
(198,	66),
(199,	66),
(200,	66),
(201,	66),
(202,	66),
(203,	66),
(204,	66),
(205,	66),
(206,	66),
(208,	66),
(209,	66),
(210,	66),
(212,	66),
(213,	66),
(215,	66),
(216,	66),
(257,	66),
(258,	66),
(259,	66),
(260,	66),
(261,	66),
(263,	66),
(264,	66),
(266,	66),
(267,	66),
(268,	66),
(269,	66),
(271,	66),
(272,	66),
(273,	66),
(275,	66),
(276,	66),
(278,	66),
(280,	66),
(282,	66),
(283,	66),
(284,	66),
(285,	66),
(286,	66),
(287,	66),
(288,	66),
(289,	66),
(290,	66),
(291,	66),
(292,	66),
(293,	66),
(294,	66),
(295,	66),
(296,	66),
(297,	66),
(298,	66),
(299,	66),
(300,	66),
(301,	66),
(302,	66),
(303,	66),
(304,	66),
(305,	66),
(307,	66),
(308,	66),
(309,	66),
(310,	66),
(311,	66),
(312,	66),
(313,	66),
(314,	66),
(315,	66),
(316,	66),
(317,	66),
(318,	66),
(319,	66),
(320,	66),
(321,	66),
(322,	66),
(323,	66),
(407,	66),
(409,	66),
(410,	66),
(411,	66),
(416,	66),
(50,	69),
(58,	69),
(60,	69),
(61,	69),
(66,	69),
(69,	69),
(70,	69),
(73,	69),
(89,	69),
(115,	69),
(132,	69),
(156,	69),
(183,	69),
(193,	69),
(197,	69),
(208,	69),
(212,	69),
(215,	69),
(245,	69),
(249,	69),
(253,	69),
(294,	69),
(296,	69),
(299,	69),
(300,	69),
(310,	69),
(311,	69),
(313,	69),
(314,	69),
(409,	69),
(8,	70),
(50,	70),
(58,	70),
(60,	70),
(61,	70),
(66,	70),
(69,	70),
(70,	70),
(73,	70),
(89,	70),
(95,	70),
(115,	70),
(128,	70),
(132,	70),
(136,	70),
(141,	70),
(152,	70),
(155,	70),
(156,	70),
(163,	70),
(167,	70),
(170,	70),
(183,	70),
(193,	70),
(197,	70),
(208,	70),
(210,	70),
(212,	70),
(213,	70),
(215,	70),
(216,	70),
(245,	70),
(249,	70),
(253,	70),
(294,	70),
(296,	70),
(299,	70),
(300,	70),
(310,	70),
(311,	70),
(313,	70),
(314,	70),
(324,	70),
(325,	70),
(327,	70),
(329,	70),
(331,	70),
(333,	70),
(335,	70),
(337,	70),
(339,	70),
(341,	70),
(347,	70),
(351,	70),
(369,	70),
(370,	70),
(371,	70),
(374,	70),
(377,	70),
(378,	70),
(381,	70),
(383,	70),
(385,	70),
(392,	70),
(401,	70),
(404,	70),
(409,	70),
(51,	71),
(54,	71),
(55,	71),
(56,	71),
(218,	71),
(222,	71),
(227,	71),
(230,	71),
(234,	71),
(239,	71),
(242,	71),
(326,	71),
(330,	71),
(417,	71),
(420,	71),
(55,	72),
(56,	72),
(57,	72),
(70,	72),
(73,	72),
(89,	72),
(90,	72),
(95,	72),
(97,	72),
(120,	72),
(125,	72),
(126,	72),
(127,	72),
(128,	72),
(129,	72),
(130,	72),
(131,	72),
(133,	72),
(136,	72),
(144,	72),
(145,	72),
(159,	72),
(161,	72),
(167,	72),
(169,	72),
(176,	72),
(184,	72),
(188,	72),
(189,	72),
(196,	72),
(203,	72),
(204,	72),
(219,	72),
(238,	72),
(239,	72),
(240,	72),
(241,	72),
(242,	72),
(249,	72),
(250,	72),
(252,	72),
(287,	72),
(289,	72),
(292,	72),
(303,	72),
(307,	72),
(309,	72),
(315,	72),
(322,	72),
(323,	72),
(326,	72),
(327,	72),
(328,	72),
(340,	72),
(341,	72),
(359,	72),
(360,	72),
(361,	72),
(362,	72),
(378,	72),
(392,	72),
(393,	72),
(402,	72),
(403,	72),
(404,	72),
(409,	72),
(410,	72),
(60,	73),
(61,	73),
(62,	73),
(63,	73),
(64,	73),
(65,	73),
(66,	73),
(67,	73),
(68,	73),
(69,	73),
(70,	73),
(71,	73),
(72,	73),
(73,	73),
(74,	73),
(75,	73),
(76,	73),
(77,	73),
(78,	73),
(79,	73),
(80,	73),
(81,	73),
(82,	73),
(83,	73),
(84,	73),
(85,	73),
(86,	73),
(87,	73),
(88,	73),
(89,	73),
(90,	73),
(91,	73),
(92,	73),
(93,	73),
(94,	73),
(95,	73),
(96,	73),
(97,	73),
(98,	73),
(99,	73),
(100,	73),
(101,	73),
(102,	73),
(103,	73),
(104,	73),
(105,	73),
(106,	73),
(107,	73),
(108,	73),
(109,	73),
(110,	73),
(111,	73),
(112,	73),
(113,	73),
(114,	73),
(115,	73),
(116,	73),
(117,	73),
(118,	73),
(119,	73),
(120,	73),
(121,	73),
(122,	73),
(123,	73),
(124,	73),
(125,	73),
(126,	73),
(127,	73),
(128,	73),
(129,	73),
(130,	73),
(131,	73),
(132,	73),
(133,	73),
(134,	73),
(135,	73),
(136,	73),
(137,	73),
(138,	73),
(139,	73),
(140,	73),
(141,	73),
(142,	73),
(143,	73),
(144,	73),
(145,	73),
(146,	73),
(147,	73),
(148,	73),
(149,	73),
(150,	73),
(151,	73),
(152,	73),
(153,	73),
(154,	73),
(155,	73),
(156,	73),
(157,	73),
(158,	73),
(159,	73),
(160,	73),
(161,	73),
(162,	73),
(163,	73),
(164,	73),
(165,	73),
(166,	73),
(167,	73),
(168,	73),
(169,	73),
(170,	73),
(171,	73),
(172,	73),
(173,	73),
(174,	73),
(175,	73),
(176,	73),
(177,	73),
(178,	73),
(179,	73),
(180,	73),
(181,	73),
(182,	73),
(183,	73),
(184,	73),
(185,	73),
(186,	73),
(187,	73),
(188,	73),
(189,	73),
(190,	73),
(191,	73),
(192,	73),
(80,	74),
(81,	74),
(83,	74),
(84,	74),
(85,	74),
(86,	75),
(87,	75),
(96,	75),
(97,	75),
(98,	75),
(99,	75),
(100,	75),
(101,	75),
(102,	75),
(103,	75),
(104,	75),
(105,	75),
(118,	75),
(119,	75),
(120,	75),
(121,	75),
(122,	75),
(123,	75),
(124,	75),
(125,	75),
(126,	75),
(217,	75),
(219,	75),
(220,	75),
(221,	75),
(223,	75),
(224,	75),
(225,	75),
(226,	75),
(228,	75),
(324,	75),
(325,	75),
(327,	75),
(328,	75),
(329,	75),
(331,	75),
(332,	75),
(333,	75),
(334,	75),
(335,	75),
(336,	75),
(337,	75),
(338,	75),
(339,	75),
(340,	75),
(341,	75),
(342,	75),
(344,	75),
(346,	75),
(347,	75),
(349,	75),
(350,	75),
(351,	75),
(353,	75),
(354,	75),
(355,	75),
(357,	75),
(358,	75),
(360,	75),
(361,	75),
(362,	75),
(364,	75),
(365,	75),
(366,	75),
(368,	75),
(369,	75),
(370,	75),
(371,	75),
(373,	75),
(374,	75),
(376,	75),
(377,	75),
(378,	75),
(380,	75),
(381,	75),
(383,	75),
(385,	75),
(386,	75),
(387,	75),
(389,	75),
(390,	75),
(392,	75),
(393,	75),
(395,	75),
(396,	75),
(398,	75),
(399,	75),
(401,	75),
(403,	75),
(404,	75),
(406,	75),
(408,	75),
(412,	75),
(413,	75),
(414,	75),
(415,	75),
(418,	75),
(419,	75),
(420,	75),
(88,	76),
(89,	76),
(90,	76),
(95,	76),
(127,	76),
(128,	76),
(129,	76),
(130,	76),
(131,	76),
(91,	77),
(92,	77),
(93,	77),
(94,	77),
(88,	78),
(89,	78),
(90,	78),
(95,	78),
(127,	78),
(128,	78),
(129,	78),
(130,	78),
(131,	78),
(95,	79),
(128,	79),
(210,	79),
(213,	79),
(216,	79),
(106,	80),
(107,	80),
(108,	80),
(109,	80),
(110,	80),
(149,	80),
(150,	80),
(151,	80),
(185,	80),
(111,	81),
(112,	81),
(113,	81),
(114,	81),
(193,	81),
(194,	81),
(195,	81),
(196,	81),
(197,	81),
(198,	81),
(199,	81),
(200,	81),
(201,	81),
(202,	81),
(203,	81),
(204,	81),
(205,	81),
(206,	81),
(207,	81),
(208,	81),
(209,	81),
(210,	81),
(211,	81),
(212,	81),
(213,	81),
(214,	81),
(215,	81),
(216,	81),
(217,	81),
(218,	81),
(219,	81),
(220,	81),
(221,	81),
(222,	81),
(223,	81),
(224,	81),
(225,	81),
(226,	81),
(227,	81),
(228,	81),
(229,	81),
(230,	81),
(231,	81),
(232,	81),
(233,	81),
(234,	81),
(235,	81),
(236,	81),
(237,	81),
(238,	81),
(239,	81),
(240,	81),
(241,	81),
(242,	81),
(243,	81),
(244,	81),
(245,	81),
(246,	81),
(247,	81),
(248,	81),
(249,	81),
(250,	81),
(251,	81),
(252,	81),
(253,	81),
(254,	81),
(255,	81),
(256,	81),
(257,	81),
(258,	81),
(259,	81),
(260,	81),
(261,	81),
(262,	81),
(263,	81),
(264,	81),
(265,	81),
(266,	81),
(267,	81),
(268,	81),
(269,	81),
(270,	81),
(271,	81),
(272,	81),
(273,	81),
(274,	81),
(275,	81),
(276,	81),
(277,	81),
(278,	81),
(279,	81),
(280,	81),
(281,	81),
(282,	81),
(115,	82),
(116,	83),
(407,	83),
(411,	83),
(416,	83),
(117,	84),
(118,	84),
(119,	84),
(120,	84),
(121,	84),
(122,	84),
(123,	84),
(124,	84),
(125,	85),
(126,	85),
(127,	86),
(128,	86),
(132,	86),
(324,	86),
(325,	86),
(326,	86),
(327,	86),
(329,	86),
(330,	86),
(409,	86),
(132,	87),
(133,	87),
(158,	87),
(134,	88),
(186,	88),
(187,	88),
(188,	88),
(409,	88),
(410,	88),
(134,	90),
(186,	90),
(187,	90),
(188,	90),
(135,	91),
(136,	91),
(138,	91),
(139,	91),
(140,	91),
(141,	91),
(142,	91),
(137,	92),
(136,	93),
(141,	93),
(369,	93),
(377,	93),
(381,	93),
(399,	93),
(401,	93),
(404,	93),
(152,	94),
(153,	94),
(154,	94),
(155,	94),
(152,	95),
(155,	95),
(156,	96),
(157,	96),
(183,	96),
(159,	97),
(160,	97),
(161,	97),
(162,	97),
(374,	97),
(163,	98),
(167,	98),
(170,	98),
(189,	99),
(190,	99),
(191,	99),
(192,	100),
(192,	101),
(200,	102),
(204,	102),
(205,	102),
(231,	102),
(232,	102),
(235,	102),
(236,	102),
(237,	102),
(240,	102),
(243,	102),
(244,	102),
(245,	102),
(246,	102),
(247,	102),
(248,	102),
(249,	102),
(250,	102),
(251,	102),
(252,	102),
(253,	102),
(254,	102),
(255,	102),
(289,	102),
(298,	102),
(302,	102),
(312,	102),
(323,	102),
(351,	102),
(370,	102),
(371,	102),
(374,	102),
(383,	102),
(386,	102),
(387,	102),
(389,	102),
(390,	102),
(393,	102),
(395,	102),
(396,	102),
(229,	103),
(230,	103),
(233,	103),
(234,	103),
(238,	103),
(239,	103),
(241,	103),
(242,	103),
(256,	104),
(257,	104),
(258,	104),
(259,	104),
(260,	104),
(261,	104),
(262,	104),
(263,	104),
(264,	104),
(265,	104),
(266,	104),
(267,	104),
(268,	104),
(269,	104),
(270,	104),
(271,	104),
(272,	104),
(273,	104),
(274,	104),
(275,	104),
(276,	104),
(277,	104),
(278,	104),
(279,	104),
(280,	104),
(281,	104),
(282,	104),
(324,	105),
(325,	105),
(326,	105),
(327,	105),
(328,	105),
(329,	105),
(330,	105),
(331,	105),
(332,	105),
(333,	105),
(334,	105),
(335,	105),
(336,	105),
(337,	105),
(338,	105),
(339,	105),
(340,	105),
(341,	105),
(342,	105),
(343,	105),
(344,	105),
(345,	105),
(346,	105),
(347,	105),
(348,	105),
(349,	105),
(350,	105),
(351,	105),
(352,	105),
(353,	105),
(354,	105),
(355,	105),
(356,	105),
(357,	105),
(358,	105),
(359,	105),
(360,	105),
(361,	105),
(362,	105),
(363,	105),
(364,	105),
(365,	105),
(366,	105),
(367,	105),
(368,	105),
(369,	105),
(370,	105),
(371,	105),
(372,	105),
(373,	105),
(374,	105),
(375,	105),
(376,	105),
(377,	105),
(378,	105),
(379,	105),
(380,	105),
(381,	105),
(382,	105),
(383,	105),
(384,	105),
(385,	105),
(386,	105),
(387,	105),
(388,	105),
(389,	105),
(390,	105),
(391,	105),
(392,	105),
(393,	105),
(394,	105),
(395,	105),
(396,	105),
(397,	105),
(398,	105),
(399,	105),
(400,	105),
(401,	105),
(402,	105),
(403,	105),
(404,	105),
(324,	106),
(325,	106),
(326,	106),
(327,	106),
(328,	106),
(329,	106),
(330,	106),
(331,	106),
(332,	106),
(333,	106),
(334,	106),
(335,	106),
(336,	106),
(337,	106),
(338,	106),
(339,	106),
(340,	106),
(341,	106),
(342,	106),
(343,	106),
(344,	106),
(345,	106),
(346,	106),
(347,	106),
(348,	106),
(349,	106),
(350,	106),
(351,	106),
(352,	106),
(353,	106),
(354,	106),
(355,	106),
(356,	106),
(357,	106),
(358,	106),
(359,	106),
(360,	106),
(361,	106),
(362,	106),
(363,	106),
(364,	106),
(365,	106),
(366,	106),
(367,	106),
(368,	106),
(369,	106),
(370,	106),
(371,	106),
(372,	106),
(373,	106),
(374,	106),
(375,	106),
(376,	106),
(377,	106),
(378,	106),
(379,	106),
(380,	106),
(381,	106),
(382,	106),
(383,	106),
(384,	106),
(385,	106),
(386,	106),
(387,	106),
(388,	106),
(389,	106),
(390,	106),
(391,	106),
(392,	106),
(393,	106),
(394,	106),
(395,	106),
(396,	106),
(397,	106),
(398,	106),
(399,	106),
(400,	106),
(401,	106),
(402,	106),
(403,	106),
(404,	106),
(324,	107),
(325,	107),
(326,	107),
(327,	107),
(328,	107),
(329,	107),
(330,	107),
(332,	107),
(333,	107),
(338,	107),
(339,	107),
(341,	107),
(345,	107),
(355,	107),
(356,	107),
(357,	107),
(358,	107),
(397,	107),
(398,	107),
(399,	107),
(324,	108),
(325,	109),
(347,	109),
(351,	109),
(327,	110),
(329,	110),
(333,	112),
(335,	112),
(337,	112),
(339,	112),
(341,	112),
(343,	116),
(345,	116),
(348,	116),
(352,	117),
(356,	117),
(363,	117),
(367,	118),
(372,	118),
(375,	118),
(379,	118),
(382,	118),
(384,	118),
(388,	118),
(391,	118),
(394,	118),
(397,	118),
(400,	118),
(402,	118),
(370,	119),
(371,	119),
(374,	119),
(378,	119),
(383,	119),
(385,	120),
(392,	120),
(116,	121),
(119,	121),
(120,	121),
(124,	121),
(406,	121),
(407,	121),
(408,	121),
(411,	121),
(412,	121),
(413,	121),
(414,	121),
(415,	121),
(416,	121),
(417,	121),
(418,	121),
(419,	121),
(420,	121),
(409,	123),
(410,	123);

DROP TABLE IF EXISTS `sale`;
CREATE TABLE `sale` (
  `id` int(11) NOT NULL auto_increment,
  `token` varchar(32) collate utf8_czech_ci NOT NULL,
  `datetime` datetime NOT NULL,
  `customer_id` int(11) default NULL,
  `dph` float NOT NULL,
  `shipping_id` int(11) default NULL,
  `shipping` varchar(80) collate utf8_czech_ci NOT NULL,
  `shippingPrice` double(10,2) NOT NULL,
  `paymethod_id` int(11) default NULL,
  `paymethod` int(11) NOT NULL,
  `paymethodPrice` double(10,2) NOT NULL,
  `email` varchar(100) collate utf8_czech_ci NOT NULL,
  `name` varchar(100) collate utf8_czech_ci NOT NULL,
  `surname` varchar(100) collate utf8_czech_ci NOT NULL,
  `phone` varchar(20) collate utf8_czech_ci NOT NULL,
  `iscompany` tinyint(1) NOT NULL default '0',
  `company` varchar(100) collate utf8_czech_ci default NULL,
  `ic` int(8) unsigned zerofill default NULL,
  `dic` varchar(10) collate utf8_czech_ci default NULL,
  `city` varchar(100) collate utf8_czech_ci NOT NULL,
  `street` varchar(100) collate utf8_czech_ci NOT NULL,
  `shipcity` varchar(100) collate utf8_czech_ci default NULL,
  `postcode` int(5) NOT NULL,
  `shipstreet` varchar(100) collate utf8_czech_ci default NULL,
  `shippostcode` int(5) default NULL,
  `status` enum('test','test2') collate utf8_czech_ci NOT NULL,
  `shipaddress` tinyint(1) NOT NULL default '0',
  `total` double(10,2) NOT NULL,
  `customerEmailSent` tinyint(1) NOT NULL default '0',
  `sellerEmailSent` tinyint(1) NOT NULL default '0',
  PRIMARY KEY  (`id`),
  UNIQUE KEY `token` (`token`),
  KEY `customer_id` (`customer_id`),
  KEY `shipping_id` (`shipping_id`),
  KEY `paymethod_id` (`paymethod_id`),
  CONSTRAINT `sale_ibfk_3` FOREIGN KEY (`paymethod_id`) REFERENCES `paymethod` (`id`) ON DELETE SET NULL ON UPDATE CASCADE,
  CONSTRAINT `sale_ibfk_1` FOREIGN KEY (`customer_id`) REFERENCES `customer` (`id`) ON DELETE SET NULL ON UPDATE CASCADE,
  CONSTRAINT `sale_ibfk_2` FOREIGN KEY (`shipping_id`) REFERENCES `shipping` (`id`) ON DELETE SET NULL ON UPDATE CASCADE
) ENGINE=InnoDB DEFAULT CHARSET=utf8 COLLATE=utf8_czech_ci;

INSERT INTO `sale` (`id`, `token`, `datetime`, `customer_id`, `dph`, `shipping_id`, `shipping`, `shippingPrice`, `paymethod_id`, `paymethod`, `paymethodPrice`, `email`, `name`, `surname`, `phone`, `iscompany`, `company`, `ic`, `dic`, `city`, `street`, `shipcity`, `postcode`, `shipstreet`, `shippostcode`, `status`, `shipaddress`, `total`, `customerEmailSent`, `sellerEmailSent`) VALUES
(4,	'1ffd54068bec27fa2bb6d2994b81b95e',	'2011-08-05 15:05:24',	5,	0.2,	2,	'PPL',	90.00,	2,	0,	0.00,	'petr@ogurcak.cz',	'Petr Ogurčák',	'',	'602205681',	1,	'87 Group',	87179920,	'CZ87179920',	'Kladno',	'Na Vyhaslém 3265',	'',	27201,	'',	0,	'test',	0,	3440.40,	0,	0),
(5,	'11c35a0bef1b68f5e40c1e57f4d0332c',	'2011-08-05 15:10:43',	5,	0.2,	2,	'PPL',	90.00,	2,	0,	0.00,	'petr@ogurcak.cz',	'Petr Ogurčák',	'',	'602205681',	1,	'87 Group',	87179920,	'CZ87179920',	'Kladno',	'Na Vyhaslém 3265',	'',	27201,	'',	0,	'test',	0,	3440.40,	0,	0),
(6,	'f71c780a677914353c34d24c2de73739',	'2011-08-05 16:40:54',	5,	0.2,	2,	'PPL',	90.00,	2,	0,	0.00,	'petr@ogurcak.cz',	'Petr Ogurčák',	'',	'602205681',	1,	'87 Group',	87179920,	'CZ87179920',	'Kladno',	'Na Vyhaslém 3265',	'',	27201,	'',	0,	'test',	0,	1842.00,	0,	0),
(7,	'829a8ba41e7c1524ce407496dd484c37',	'2011-08-05 16:42:54',	5,	0.2,	2,	'PPL',	90.00,	2,	0,	0.00,	'petr@ogurcak.cz',	'Petr Ogurčák',	'',	'602205681',	1,	'87 Group',	87179920,	'CZ87179920',	'Kladno',	'Na Vyhaslém 3265',	'',	27201,	'',	0,	'test',	0,	1404.00,	0,	0),
(8,	'7b19d109b3ca5db7e778919490933981',	'2011-08-05 17:12:50',	5,	0.2,	2,	'PPL',	90.00,	2,	0,	0.00,	'petr@ogurcak.cz',	'Petr Ogurčák',	'',	'602205681',	1,	'87 Group',	87179920,	'CZ87179920',	'Kladno',	'Na Vyhaslém 3265',	'',	27201,	'',	0,	'test',	0,	966.00,	0,	0);

DROP TABLE IF EXISTS `saleProduct`;
CREATE TABLE `saleProduct` (
  `sale_id` int(11) NOT NULL,
  `product_id` int(11) default NULL,
  `name` int(11) NOT NULL,
  `amount` int(11) NOT NULL,
  `unit_id` int(11) default NULL,
  `unit` varchar(50) collate utf8_czech_ci NOT NULL,
  `price` double(10,2) NOT NULL,
  `priceDPH` double(10,2) NOT NULL,
  `total` double(10,2) NOT NULL,
  KEY `product_id` (`product_id`),
  KEY `unit_id` (`unit_id`),
  KEY `sale_id` (`sale_id`),
  CONSTRAINT `saleProduct_ibfk_4` FOREIGN KEY (`sale_id`) REFERENCES `sale` (`id`) ON DELETE CASCADE ON UPDATE CASCADE,
  CONSTRAINT `saleProduct_ibfk_2` FOREIGN KEY (`unit_id`) REFERENCES `unit` (`id`) ON DELETE SET NULL ON UPDATE CASCADE
) ENGINE=InnoDB DEFAULT CHARSET=utf8 COLLATE=utf8_czech_ci;

INSERT INTO `saleProduct` (`sale_id`, `product_id`, `name`, `amount`, `unit_id`, `unit`, `price`, `priceDPH`, `total`) VALUES
(4,	22,	0,	1,	1,	'role',	365.00,	0.00,	438.00),
(4,	27,	0,	3,	1,	'role',	365.00,	0.00,	1314.00),
(4,	29,	0,	2,	1,	'role',	444.00,	0.00,	1065.60),
(4,	32,	0,	1,	1,	'role',	444.00,	0.00,	532.80),
(5,	22,	0,	1,	1,	'role',	365.00,	0.00,	438.00),
(5,	27,	0,	3,	1,	'role',	365.00,	0.00,	1314.00),
(5,	29,	0,	2,	1,	'role',	444.00,	0.00,	1065.60),
(5,	32,	0,	1,	1,	'role',	444.00,	0.00,	532.80),
(6,	22,	0,	4,	1,	'role',	365.00,	0.00,	1752.00),
(7,	22,	0,	3,	1,	'role',	365.00,	0.00,	1314.00),
(8,	22,	0,	2,	1,	'role',	365.00,	0.00,	876.00);

DROP TABLE IF EXISTS `shipping`;
CREATE TABLE `shipping` (
  `id` int(11) NOT NULL auto_increment,
  `name` varchar(80) collate utf8_czech_ci NOT NULL,
  `price` float NOT NULL,
  PRIMARY KEY  (`id`)
) ENGINE=InnoDB DEFAULT CHARSET=utf8 COLLATE=utf8_czech_ci;

INSERT INTO `shipping` (`id`, `name`, `price`) VALUES
(1,	'Česká pošta',	112),
(2,	'PPL',	90),
(3,	'osobní převzetí',	0);

DROP TABLE IF EXISTS `tag`;
CREATE TABLE `tag` (
  `id` int(11) NOT NULL auto_increment,
  `tagGroup_id` int(11) NOT NULL COMMENT 'Skupina štítku',
  `value` varchar(80) collate utf8_czech_ci NOT NULL COMMENT 'Hodnota',
  `url_slug` varchar(80) collate utf8_czech_ci NOT NULL COMMENT 'URL',
  `sort` int(11) NOT NULL default '0' COMMENT 'Pořadí',
  `picture_path` varchar(150) collate utf8_czech_ci default NULL,
  PRIMARY KEY  (`id`),
  UNIQUE KEY `url_slug` (`url_slug`,`tagGroup_id`),
  KEY `tagGroup_id` (`tagGroup_id`),
  CONSTRAINT `tag_ibfk_1` FOREIGN KEY (`tagGroup_id`) REFERENCES `tagGroup` (`id`) ON DELETE CASCADE
) ENGINE=InnoDB DEFAULT CHARSET=utf8 COLLATE=utf8_czech_ci COMMENT='Štítek';

INSERT INTO `tag` (`id`, `tagGroup_id`, `value`, `url_slug`, `sort`, `picture_path`) VALUES
(3,	6,	'tapeta na stěnu',	'tapeta-na-stenu',	0,	NULL),
(4,	6,	'bordura',	'bordura',	0,	NULL),
(5,	6,	'nálepka',	'nalepka',	0,	NULL),
(6,	6,	'designový panel',	'designovy-panel',	0,	NULL),
(7,	6,	'fototapeta',	'fototapeta',	0,	NULL),
(8,	3,	'Murano',	'murano',	0,	NULL),
(9,	7,	'vlies',	'vlies',	0,	NULL),
(10,	2,	'do ložnice',	'do-loznice',	0,	NULL),
(11,	2,	'do kuchyně',	'do-kuchyne',	0,	NULL),
(12,	2,	'do koupelny',	'do-koupleny',	0,	NULL),
(13,	2,	'do obýváku',	'do-obyvaku',	0,	NULL),
(14,	5,	'šedivá',	'sediva',	0,	NULL),
(15,	5,	'černá',	'cerna',	0,	NULL),
(16,	8,	'přírodní',	'prirodni',	0,	NULL),
(17,	8,	'moderní',	'moderni',	0,	NULL),
(18,	3,	'Classic Fleece',	'classic-fleece',	0,	NULL),
(19,	2,	'do kanceláře',	'do-kancelare',	0,	NULL),
(20,	2,	'do chodby',	'do-chodby',	0,	NULL),
(21,	8,	'klasický',	'klasicky',	0,	NULL),
(22,	8,	'textil',	'textil',	0,	NULL),
(23,	5,	'bílá',	'bila',	0,	NULL),
(24,	8,	'grafika',	'grafika',	0,	NULL),
(25,	2,	'do dětského pokoje',	'do-detskeho-pokoje',	0,	NULL),
(26,	5,	'červená',	'cervena',	0,	NULL),
(27,	5,	'modrá',	'modra',	0,	NULL),
(28,	3,	'Esprit for kids',	'esprit-for-kids',	0,	NULL),
(29,	8,	'jednobarevná',	'jednobarevna',	0,	NULL),
(30,	3,	'Daniel Hetcher',	'daniel-hetcher',	0,	NULL),
(31,	3,	'Boys and Girls 3',	'boys-and-girls-3',	0,	'tag-images/boys-and-girls-3.gif'),
(32,	7,	'papírová',	'papirova',	0,	NULL),
(33,	3,	'Brigitte',	'brigitte',	0,	'tag-images/brigitte.gif'),
(34,	5,	'hnědá',	'hneda',	0,	NULL),
(35,	3,	'Cabaret',	'cabaret',	0,	NULL),
(36,	5,	'fialová',	'fialova',	0,	NULL),
(37,	8,	'květinový',	'kvetinovy',	0,	NULL),
(38,	3,	'Contzen 2',	'contzen-2',	0,	NULL),
(39,	3,	'Contzen Paper',	'contzen-paper',	0,	NULL),
(40,	5,	'zelená',	'zelena',	0,	NULL),
(41,	3,	'Contzen',	'contzen',	0,	NULL),
(42,	4,	'Lars Contzen',	'lars-contzen',	0,	NULL),
(43,	4,	'AS Creation',	'as-creation',	0,	NULL),
(44,	5,	'béžová',	'bezova',	0,	NULL),
(45,	8,	'retro',	'retro',	0,	NULL),
(46,	9,	'0.53x10.05 m',	'0-53x10-05-m',	0,	NULL),
(47,	10,	'64/32 cm',	'64-32-cm',	0,	NULL),
(48,	5,	'růžová',	'ruzova',	0,	NULL),
(49,	4,	'Livingwalls',	'livingwalls',	0,	NULL),
(50,	3,	'Amelie',	'amelie',	0,	'tag-images/amelie.gif'),
(51,	8,	'ethno',	'ethno',	0,	NULL),
(52,	5,	'oranžová',	'oranzova',	0,	NULL),
(53,	9,	'0.17x5.00 m',	'0-17x5-00-m',	0,	NULL),
(54,	11,	'bez sesazení vzorů',	'bez-sesazeni-vzoru',	0,	'tag-images/ansatzfrei.png'),
(55,	5,	'žlutá',	'zluta',	0,	NULL),
(56,	8,	'pruhovaná',	'pruhovana',	0,	NULL),
(57,	11,	'dobrá stálobarevnost',	'dobra-stalobarevnost',	0,	'tag-images/gut_lichtbestaendig.png'),
(58,	11,	'omyvatelná',	'omyvatelna',	0,	'tag-images/waschbestaendig.png'),
(59,	11,	'beze zbytku odstranitelná',	'beze-zbytku-odstranitelna',	0,	'tag-images/restlos_trocken_abziehbar.png'),
(60,	11,	'přesazení vzoru',	'presazeni-vzoru',	0,	'tag-images/versetzter_ansatz.png'),
(62,	3,	'Bellissima',	'bellissima',	0,	'tag-images/bellisima.gif'),
(63,	7,	'profil',	'profil',	0,	NULL),
(64,	5,	'metalická',	'metalicka',	0,	NULL),
(65,	11,	'odstranitelná svrchní vrstva',	'odstranitelna-svrchni-vrstva',	0,	'tag-images/spaltbar.png'),
(66,	11,	'vysoce omyvatelná',	'vysoce-omyvatelna',	0,	'tag-images/hochwaschbestaendig.png'),
(69,	10,	'64/0 cm',	'64-0-cm',	0,	NULL),
(70,	11,	'přímé sesazení vzorů',	'prime-sesazeni-vzoru',	0,	'tag-images/gerader_ansatz.png'),
(71,	9,	'0.13x5.00 m',	'0-13x5-00-m',	0,	NULL),
(72,	5,	'krémová',	'kremova',	0,	NULL),
(73,	3,	'Best of Vlies 2012',	'best-of-vlies-2012',	0,	'tag-images/best-of-vlies-2012.gif'),
(74,	4,	'Daniel Hechter',	'daniel-hechter',	0,	NULL),
(75,	11,	'odolná proti drhnutí',	'odolna-proti-drhnuti',	0,	'tag-images/scheuerbestaendig.png'),
(76,	4,	'Schöner Wohnen',	'schoner-wohnen',	0,	NULL),
(77,	3,	'Memory',	'memory',	0,	NULL),
(78,	3,	'Schöner Wohnen',	'schoner-wohnen',	0,	NULL),
(79,	10,	'32/0 cm',	'32-0-cm',	0,	NULL),
(80,	3,	'Mirage',	'mirage',	0,	NULL),
(81,	4,	'Brigitte Home',	'brigitte-home',	0,	NULL),
(82,	3,	'Pretty Style',	'pretty-style',	0,	NULL),
(83,	3,	'Poker',	'poker',	0,	NULL),
(84,	3,	'Sunlight',	'sunlight',	0,	NULL),
(85,	3,	'Romantica',	'romantica',	0,	NULL),
(86,	8,	'barokní',	'barokni',	0,	NULL),
(87,	3,	'Flock',	'flock',	0,	NULL),
(88,	4,	'Avenzio',	'avenzio',	0,	NULL),
(90,	3,	'Avenzio 3',	'avenzio-3',	0,	'tag-images/avenzio-3.gif'),
(91,	3,	'Elegance',	'elegance',	0,	NULL),
(92,	3,	'Sweet Candy',	'sweet-candy',	0,	NULL),
(93,	10,	'26/0 cm',	'26-0-cm',	0,	NULL),
(94,	3,	'Kitchen Dreams',	'kitchen-dreams',	0,	NULL),
(95,	10,	'11/0 cm',	'11-0-cm',	0,	NULL),
(96,	3,	'Flock 2',	'flock-2',	0,	NULL),
(97,	3,	'Change',	'change',	0,	NULL),
(98,	10,	'5/0 cm',	'5-0-cm',	0,	NULL),
(99,	3,	'Styleguide Natürlich',	'styleguide-naturlich',	0,	NULL),
(100,	3,	'Design Panel',	'design-panel',	0,	NULL),
(101,	9,	'0.70x3.00 m',	'0-70x3-00-m',	0,	NULL),
(102,	8,	'struktura',	'struktura',	0,	NULL),
(103,	8,	'venkovský',	'venkovsky',	0,	NULL),
(104,	3,	'Brigitte 2',	'brigitte-2',	0,	NULL),
(105,	3,	'Chateau 2',	'chateau-2',	0,	NULL),
(106,	7,	'satén',	'saten',	0,	NULL),
(107,	5,	'barevná',	'barevna',	0,	NULL),
(108,	10,	'16/0 cm',	'16-0-cm',	0,	NULL),
(109,	10,	'2/0 cm',	'2-0-cm',	0,	NULL),
(110,	10,	'53/0 cm',	'53-0-cm',	0,	NULL),
(112,	10,	'18/0 cm',	'18-0-cm',	0,	NULL),
(116,	9,	'0.09x5.00 cm',	'0-09x5-00-cm',	0,	NULL),
(117,	9,	'0.11x5.00 cm',	'0-11x5-00-cm',	0,	NULL),
(118,	9,	'0.10x5.00 cm',	'0-10x5-00-cm',	0,	NULL),
(119,	10,	'4/0 cm',	'4-0-cm',	0,	NULL),
(120,	10,	'20/0 cm',	'20-0-cm',	0,	NULL),
(121,	3,	'Yoga',	'yoga',	0,	NULL),
(123,	3,	'Avenzio 2',	'avenzio-2',	0,	'tag-images/avenzio-2.gif');

DROP TABLE IF EXISTS `tagGroup`;
CREATE TABLE `tagGroup` (
  `id` int(11) NOT NULL auto_increment,
  `name` varchar(150) collate utf8_czech_ci NOT NULL COMMENT 'Název',
  `url_slug` varchar(80) collate utf8_czech_ci NOT NULL COMMENT 'URL',
  `filter` tinyint(1) NOT NULL default '1',
  `images` tinyint(1) NOT NULL default '0',
  PRIMARY KEY  (`id`)
) ENGINE=InnoDB DEFAULT CHARSET=utf8 COLLATE=utf8_czech_ci COMMENT='Skupina štítku';

INSERT INTO `tagGroup` (`id`, `name`, `url_slug`, `filter`, `images`) VALUES
(2,	'kam se hodí',	'kam-se-hodi',	1,	0),
(3,	'kolekce',	'kolekce',	1,	0),
(4,	'výrobce',	'vyrobce',	1,	0),
(5,	'barva',	'barva',	1,	0),
(6,	'druh tapety',	'druh-tapety',	1,	0),
(7,	'materiál',	'material',	1,	0),
(8,	'vzorek',	'vzorek',	1,	0),
(9,	'formát',	'format',	1,	0),
(10,	'prostřih',	'prostrih',	1,	0),
(11,	'značení tapety',	'znaceni-tapety',	0,	1);

DROP TABLE IF EXISTS `unit`;
CREATE TABLE `unit` (
  `id` int(11) NOT NULL auto_increment,
  `name` varchar(50) collate utf8_czech_ci NOT NULL COMMENT 'Název',
  PRIMARY KEY  (`id`),
  UNIQUE KEY `name` (`name`)
) ENGINE=InnoDB DEFAULT CHARSET=utf8 COLLATE=utf8_czech_ci COMMENT='Měrná jednotka';

INSERT INTO `unit` (`id`, `name`) VALUES
(2,	'ks'),
(1,	'role');

DROP TABLE IF EXISTS `user`;
CREATE TABLE `user` (
  `id` int(11) NOT NULL auto_increment,
  `password` varchar(64) collate utf8_czech_ci NOT NULL,
  `salt` varchar(8) collate utf8_czech_ci NOT NULL,
  `email` varchar(100) collate utf8_czech_ci NOT NULL COMMENT 'Email',
  `name` varchar(50) collate utf8_czech_ci NOT NULL COMMENT 'Jméno',
  `surname` varchar(50) collate utf8_czech_ci NOT NULL COMMENT 'Přijmení',
  PRIMARY KEY  (`id`)
) ENGINE=InnoDB DEFAULT CHARSET=utf8 COLLATE=utf8_czech_ci COMMENT='Uživatel';

INSERT INTO `user` (`id`, `password`, `salt`, `email`, `name`, `surname`) VALUES
(1,	'd748f36339d57ad0e41b4d52c0cbfd2ceba8cd261b640cb5001f4c2aa37d70ff',	'Blra8iOt',	'petr.ogurcak@gmail.com',	'Petr',	'Ogurčák'),
(2,	'fc38c2a77e33f1bc2a21c8d499a10c6fbdaae6f966166949814e48d7812d828f',	'8uio51dx',	'info@webtoad.cz',	'Tester',	'Testovič');

-- 2011-08-24 14:59:55
